procID,event_type,logical_clock,real_clock,msg,msg_receiver,msg_ts
0,START,0,1688419149,,,
2,MSG,1,1688419149,REQUEST,1,0
2,MSG,2,1688419149,REQUEST,2,0
2,MSG,3,1688419149,REQUEST,3,0
2,MSG,4,1688419149,REQUEST,4,0
2,MSG,5,1688419149,REQUEST,5,0
2,MSG,6,1688419149,REQUEST,6,0
2,MSG,7,1688419149,REQUEST,7,0
2,MSG,8,1688419149,REQUEST,8,0
2,MSG,9,1688419149,REQUEST,10,0
2,MSG,10,1688419149,REQUEST,18,0
2,MSG,11,1688419149,REQUEST,26,0
2,MSG,12,1688419149,REQUEST,34,0
2,MSG,13,1688419149,REQUEST,42,0
2,MSG,14,1688419149,REQUEST,50,0
2,MSG,15,1688419149,REQUEST,58,0
2,CS_REQUESTED,16,1688419149,,,
52,MSG,17,1688419149,REQUEST,4,0
52,MSG,18,1688419149,REQUEST,12,0
52,MSG,19,1688419149,REQUEST,20,0
52,MSG,20,1688419149,REQUEST,28,0
52,MSG,21,1688419149,REQUEST,36,0
52,MSG,22,1688419149,REQUEST,44,0
52,MSG,23,1688419149,REQUEST,49,0
52,MSG,24,1688419149,REQUEST,50,0
52,MSG,25,1688419149,REQUEST,51,0
52,MSG,26,1688419149,REQUEST,52,0
52,MSG,27,1688419149,REQUEST,53,0
52,MSG,28,1688419149,REQUEST,54,0
52,MSG,29,1688419149,REQUEST,55,0
52,MSG,30,1688419149,REQUEST,56,0
52,MSG,31,1688419149,REQUEST,60,0
52,CS_REQUESTED,32,1688419149,,,
28,MSG,33,1688419149,REQUEST,4,0
28,MSG,34,1688419149,REQUEST,12,0
28,MSG,35,1688419149,REQUEST,20,0
28,MSG,36,1688419149,REQUEST,25,0
28,MSG,37,1688419149,REQUEST,26,0
28,MSG,38,1688419149,REQUEST,27,0
28,MSG,39,1688419149,REQUEST,28,0
28,MSG,40,1688419149,REQUEST,29,0
28,MSG,41,1688419149,REQUEST,30,0
28,MSG,42,1688419149,REQUEST,31,0
28,MSG,43,1688419149,REQUEST,32,0
28,MSG,44,1688419149,REQUEST,36,0
28,MSG,45,1688419149,REQUEST,44,0
28,MSG,46,1688419149,REQUEST,52,0
28,MSG,47,1688419149,REQUEST,60,0
28,CS_REQUESTED,48,1688419149,,,
20,MSG,49,1688419149,ACK,52,0
36,MSG,50,1688419149,ACK,52,0
8,MSG,51,1688419149,ACK,2,0
54,MSG,52,1688419149,ACK,52,0
18,MSG,53,1688419149,ACK,2,0
51,MSG,54,1688419149,ACK,52,0
60,MSG,55,1688419149,ACK,52,0
10,MSG,56,1688419149,ACK,2,0
1,MSG,57,1688419149,ACK,2,0
25,MSG,58,1688419149,REQUEST,1,0
25,MSG,59,1688419149,REQUEST,9,0
25,MSG,60,1688419149,REQUEST,17,0
25,MSG,61,1688419149,REQUEST,25,0
25,MSG,62,1688419149,REQUEST,26,0
25,MSG,63,1688419149,REQUEST,27,0
25,MSG,64,1688419149,REQUEST,28,0
25,MSG,65,1688419149,REQUEST,29,0
25,MSG,66,1688419149,REQUEST,30,0
25,MSG,67,1688419149,REQUEST,31,0
25,MSG,68,1688419149,REQUEST,32,0
25,MSG,69,1688419149,REQUEST,33,0
25,MSG,70,1688419149,REQUEST,41,0
25,MSG,71,1688419149,REQUEST,49,0
25,MSG,72,1688419149,REQUEST,57,0
25,CS_REQUESTED,73,1688419149,,,
25,MSG,74,1688419149,ACK,28,0
4,MSG,75,1688419149,ACK,2,0
49,MSG,76,1688419149,ACK,52,0
50,MSG,77,1688419149,ACK,2,0
5,MSG,78,1688419149,ACK,2,0
26,MSG,79,1688419149,ACK,2,0
2,MSG,80,1688419149,ACK,2,0
34,MSG,81,1688419149,ACK,2,0
57,MSG,82,1688419149,ACK,25,0
27,MSG,83,1688419149,ACK,28,0
31,MSG,84,1688419149,ACK,28,0
44,MSG,85,1688419149,ACK,52,0
53,MSG,86,1688419149,ACK,52,0
28,MSG,87,1688419149,ACK,52,0
52,MSG,88,1688419149,ACK,52,0
41,MSG,89,1688419149,ACK,25,0
58,MSG,90,1688419149,ACK,2,0
55,MSG,91,1688419149,ACK,52,0
30,MSG,92,1688419149,ACK,28,0
17,MSG,93,1688419149,ACK,25,0
6,MSG,94,1688419149,ACK,2,0
42,MSG,95,1688419149,ACK,2,0
33,MSG,96,1688419149,ACK,25,0
12,MSG,97,1688419150,ACK,52,0
56,MSG,98,1688419150,ACK,52,0
3,MSG,99,1688419150,ACK,2,0
29,MSG,100,1688419150,ACK,28,0
32,MSG,101,1688419150,ACK,28,0
7,MSG,102,1688419150,ACK,2,0
9,MSG,103,1688419150,ACK,25,0
1,MSG,104,1688419151,REQUEST,1,0
1,MSG,105,1688419151,REQUEST,2,0
1,MSG,106,1688419151,REQUEST,3,0
1,MSG,107,1688419151,REQUEST,4,0
1,MSG,108,1688419151,REQUEST,5,0
1,MSG,109,1688419151,REQUEST,6,0
1,MSG,110,1688419151,REQUEST,7,0
1,MSG,111,1688419151,REQUEST,8,0
1,MSG,112,1688419151,REQUEST,9,0
1,MSG,113,1688419151,REQUEST,17,0
1,MSG,114,1688419151,REQUEST,25,0
1,MSG,115,1688419151,REQUEST,33,0
1,MSG,116,1688419151,REQUEST,41,0
1,MSG,117,1688419151,REQUEST,49,0
1,MSG,118,1688419151,REQUEST,57,0
1,CS_REQUESTED,119,1688419151,,,
44,MSG,120,1688419151,REQUEST,4,0
44,MSG,121,1688419151,REQUEST,12,0
44,MSG,122,1688419151,REQUEST,20,0
44,MSG,123,1688419151,REQUEST,28,0
44,MSG,124,1688419151,REQUEST,36,0
44,MSG,125,1688419151,REQUEST,41,0
44,MSG,126,1688419151,REQUEST,42,0
44,MSG,127,1688419151,REQUEST,43,0
44,MSG,128,1688419151,REQUEST,44,0
44,MSG,129,1688419151,REQUEST,45,0
44,MSG,130,1688419151,REQUEST,46,0
44,MSG,131,1688419151,REQUEST,47,0
44,MSG,132,1688419151,REQUEST,48,0
44,MSG,133,1688419151,REQUEST,52,0
44,MSG,134,1688419151,REQUEST,60,0
44,CS_REQUESTED,135,1688419151,,,
46,MSG,136,1688419151,ACK,44,0
43,MSG,137,1688419151,ACK,44,0
47,MSG,138,1688419152,ACK,44,0
45,MSG,139,1688419152,ACK,44,0
48,MSG,140,1688419152,ACK,44,0
36,MSG,141,1688419155,REQUEST,4,0
36,MSG,142,1688419155,REQUEST,12,0
36,MSG,143,1688419155,REQUEST,20,0
36,MSG,144,1688419155,REQUEST,28,0
36,MSG,145,1688419155,REQUEST,33,0
36,MSG,146,1688419155,REQUEST,34,0
36,MSG,147,1688419155,REQUEST,35,0
36,MSG,148,1688419155,REQUEST,36,0
36,MSG,149,1688419155,REQUEST,37,0
36,MSG,150,1688419155,REQUEST,38,0
36,MSG,151,1688419155,REQUEST,39,0
36,MSG,152,1688419155,REQUEST,40,0
36,MSG,153,1688419155,REQUEST,44,0
36,MSG,154,1688419155,REQUEST,52,0
36,MSG,155,1688419155,REQUEST,60,0
36,CS_REQUESTED,156,1688419155,,,
35,MSG,157,1688419155,ACK,36,0
40,MSG,158,1688419155,REQUEST,8,0
40,MSG,159,1688419155,REQUEST,16,0
40,MSG,160,1688419155,REQUEST,24,0
40,MSG,161,1688419155,REQUEST,32,0
40,MSG,162,1688419155,REQUEST,33,0
40,MSG,163,1688419155,REQUEST,34,0
40,MSG,164,1688419155,REQUEST,35,0
40,MSG,165,1688419155,REQUEST,36,0
40,MSG,166,1688419155,REQUEST,37,0
40,MSG,167,1688419155,REQUEST,38,0
40,MSG,168,1688419155,REQUEST,39,0
40,MSG,169,1688419155,REQUEST,40,0
40,MSG,170,1688419155,REQUEST,48,0
40,MSG,171,1688419155,REQUEST,56,0
40,MSG,172,1688419155,REQUEST,64,0
40,CS_REQUESTED,173,1688419155,,,
40,MSG,174,1688419155,ACK,36,0
64,MSG,175,1688419155,ACK,40,0
38,MSG,176,1688419155,ACK,36,0
16,MSG,177,1688419155,ACK,40,0
37,MSG,178,1688419155,ACK,36,0
39,MSG,179,1688419155,ACK,36,0
24,MSG,180,1688419156,ACK,40,0
17,MSG,181,1688419157,REQUEST,1,0
17,MSG,182,1688419157,REQUEST,9,0
17,MSG,183,1688419157,REQUEST,17,0
17,MSG,184,1688419157,REQUEST,18,0
17,MSG,185,1688419157,REQUEST,19,0
17,MSG,186,1688419157,REQUEST,20,0
17,MSG,187,1688419157,REQUEST,21,0
17,MSG,188,1688419157,REQUEST,22,0
17,MSG,189,1688419157,REQUEST,23,0
17,MSG,190,1688419157,REQUEST,24,0
17,MSG,191,1688419157,REQUEST,25,0
17,MSG,192,1688419157,REQUEST,33,0
17,MSG,193,1688419157,REQUEST,41,0
17,MSG,194,1688419157,REQUEST,49,0
17,MSG,195,1688419157,REQUEST,57,0
17,CS_REQUESTED,196,1688419157,,,
21,MSG,197,1688419157,ACK,17,0
8,MSG,198,1688419158,REQUEST,1,0
8,MSG,199,1688419158,REQUEST,2,0
8,MSG,200,1688419158,REQUEST,3,0
8,MSG,201,1688419158,REQUEST,4,0
8,MSG,202,1688419158,REQUEST,5,0
8,MSG,203,1688419158,REQUEST,6,0
8,MSG,204,1688419158,REQUEST,7,0
8,MSG,205,1688419158,REQUEST,8,0
8,MSG,206,1688419158,REQUEST,16,0
8,MSG,207,1688419158,REQUEST,24,0
8,MSG,208,1688419158,REQUEST,32,0
8,MSG,209,1688419158,REQUEST,40,0
8,MSG,210,1688419158,REQUEST,48,0
8,MSG,211,1688419158,REQUEST,56,0
8,MSG,212,1688419158,REQUEST,64,0
8,CS_REQUESTED,213,1688419158,,,
24,MSG,214,1688419158,REQUEST,8,0
24,MSG,215,1688419158,REQUEST,16,0
24,MSG,216,1688419158,REQUEST,17,0
24,MSG,217,1688419158,REQUEST,18,0
24,MSG,218,1688419158,REQUEST,19,0
24,MSG,219,1688419158,REQUEST,20,0
24,MSG,220,1688419158,REQUEST,21,0
24,MSG,221,1688419158,REQUEST,22,0
24,MSG,222,1688419158,REQUEST,23,0
24,MSG,223,1688419158,REQUEST,24,0
24,MSG,224,1688419158,REQUEST,32,0
24,MSG,225,1688419158,REQUEST,40,0
24,MSG,226,1688419158,REQUEST,48,0
24,MSG,227,1688419158,REQUEST,56,0
24,MSG,228,1688419158,REQUEST,64,0
24,CS_REQUESTED,229,1688419158,,,
19,MSG,230,1688419158,ACK,17,0
23,MSG,231,1688419158,ACK,17,0
22,MSG,232,1688419158,ACK,17,0
11,MSG,233,1688419159,REQUEST,3,0
11,MSG,234,1688419159,REQUEST,9,0
11,MSG,235,1688419159,REQUEST,10,0
11,MSG,236,1688419159,REQUEST,11,0
11,MSG,237,1688419159,REQUEST,12,0
11,MSG,238,1688419159,REQUEST,13,0
11,MSG,239,1688419159,REQUEST,14,0
11,MSG,240,1688419159,REQUEST,15,0
11,MSG,241,1688419159,REQUEST,16,0
11,MSG,242,1688419159,REQUEST,19,0
11,MSG,243,1688419159,REQUEST,27,0
11,MSG,244,1688419159,REQUEST,35,0
11,MSG,245,1688419159,REQUEST,43,0
11,MSG,246,1688419159,REQUEST,51,0
11,MSG,247,1688419159,REQUEST,59,0
11,CS_REQUESTED,248,1688419159,,,
15,MSG,249,1688419159,ACK,11,0
13,MSG,250,1688419159,ACK,11,0
14,MSG,251,1688419159,ACK,11,0
59,MSG,252,1688419160,ACK,11,0
11,MSG,253,1688419160,ACK,11,0
4,MSG,254,1688419161,REQUEST,1,0
4,MSG,255,1688419161,REQUEST,2,0
4,MSG,256,1688419161,REQUEST,3,0
4,MSG,257,1688419161,REQUEST,4,0
4,MSG,258,1688419161,REQUEST,5,0
4,MSG,259,1688419161,REQUEST,6,0
4,MSG,260,1688419161,REQUEST,7,0
4,MSG,261,1688419161,REQUEST,8,0
4,MSG,262,1688419161,REQUEST,12,0
4,MSG,263,1688419161,REQUEST,20,0
4,MSG,264,1688419161,REQUEST,28,0
4,MSG,265,1688419161,REQUEST,36,0
4,MSG,266,1688419161,REQUEST,44,0
4,MSG,267,1688419161,REQUEST,52,0
4,MSG,268,1688419161,REQUEST,60,0
4,CS_REQUESTED,269,1688419161,,,
2,CS_ACCESS,270,1688419165,,,
38,MSG,271,1688419165,REQUEST,6,0
38,MSG,272,1688419165,REQUEST,14,0
38,MSG,273,1688419165,REQUEST,22,0
38,MSG,274,1688419165,REQUEST,30,0
38,MSG,275,1688419165,REQUEST,33,0
38,MSG,276,1688419165,REQUEST,34,0
38,MSG,277,1688419165,REQUEST,35,0
38,MSG,278,1688419165,REQUEST,36,0
38,MSG,279,1688419165,REQUEST,37,0
38,MSG,280,1688419165,REQUEST,38,0
38,MSG,281,1688419165,REQUEST,39,0
38,MSG,282,1688419165,REQUEST,40,0
38,MSG,283,1688419165,REQUEST,46,0
38,MSG,284,1688419165,REQUEST,54,0
38,MSG,285,1688419165,REQUEST,62,0
38,CS_REQUESTED,286,1688419165,,,
62,MSG,287,1688419166,ACK,38,0
2,MSG,288,1688419167,RELEASE,1,0
2,MSG,289,1688419167,RELEASE,2,0
2,MSG,290,1688419167,RELEASE,3,0
2,MSG,291,1688419167,RELEASE,4,0
2,MSG,292,1688419167,RELEASE,5,0
2,MSG,293,1688419167,RELEASE,6,0
2,MSG,294,1688419167,RELEASE,7,0
2,MSG,295,1688419167,RELEASE,8,0
2,MSG,296,1688419167,RELEASE,10,0
2,MSG,297,1688419167,RELEASE,18,0
2,MSG,298,1688419167,RELEASE,26,0
2,MSG,299,1688419167,RELEASE,34,0
2,MSG,300,1688419167,RELEASE,42,0
2,MSG,301,1688419167,RELEASE,50,0
2,MSG,302,1688419167,RELEASE,58,0
2,CS_LEAVE,303,1688419167,,,
34,MSG,304,1688419167,ACK,36,0
6,MSG,305,1688419167,ACK,1,0
42,MSG,306,1688419167,ACK,44,0
3,MSG,307,1688419168,ACK,1,0
7,MSG,308,1688419168,ACK,1,0
8,MSG,309,1688419168,ACK,1,0
18,MSG,310,1688419168,ACK,17,0
10,MSG,311,1688419168,ACK,11,0
1,MSG,312,1688419168,ACK,25,0
4,MSG,313,1688419168,ACK,52,0
50,MSG,314,1688419168,ACK,52,0
5,MSG,315,1688419168,ACK,1,0
26,MSG,316,1688419168,ACK,28,0
2,MSG,317,1688419168,ACK,1,0
13,MSG,318,1688419170,REQUEST,5,0
13,MSG,319,1688419170,REQUEST,9,0
13,MSG,320,1688419170,REQUEST,10,0
13,MSG,321,1688419170,REQUEST,11,0
13,MSG,322,1688419170,REQUEST,12,0
13,MSG,323,1688419170,REQUEST,13,0
13,MSG,324,1688419170,REQUEST,14,0
13,MSG,325,1688419170,REQUEST,15,0
13,MSG,326,1688419170,REQUEST,16,0
13,MSG,327,1688419170,REQUEST,21,0
13,MSG,328,1688419170,REQUEST,29,0
13,MSG,329,1688419170,REQUEST,37,0
13,MSG,330,1688419170,REQUEST,45,0
13,MSG,331,1688419170,REQUEST,53,0
13,MSG,332,1688419170,REQUEST,61,0
13,CS_REQUESTED,333,1688419170,,,
52,CS_ACCESS,334,1688419170,,,
61,MSG,335,1688419171,ACK,13,0
46,MSG,336,1688419171,REQUEST,6,0
46,MSG,337,1688419171,REQUEST,14,0
46,MSG,338,1688419171,REQUEST,22,0
46,MSG,339,1688419171,REQUEST,30,0
46,MSG,340,1688419171,REQUEST,38,0
46,MSG,341,1688419171,REQUEST,41,0
46,MSG,342,1688419171,REQUEST,42,0
46,MSG,343,1688419171,REQUEST,43,0
46,MSG,344,1688419171,REQUEST,44,0
46,MSG,345,1688419171,REQUEST,45,0
46,MSG,346,1688419171,REQUEST,46,0
46,MSG,347,1688419171,REQUEST,47,0
46,MSG,348,1688419171,REQUEST,48,0
46,MSG,349,1688419171,REQUEST,54,0
46,MSG,350,1688419171,REQUEST,62,0
46,CS_REQUESTED,351,1688419171,,,
26,MSG,352,1688419172,REQUEST,2,0
26,MSG,353,1688419172,REQUEST,10,0
26,MSG,354,1688419172,REQUEST,18,0
26,MSG,355,1688419172,REQUEST,25,0
26,MSG,356,1688419172,REQUEST,26,0
26,MSG,357,1688419172,REQUEST,27,0
26,MSG,358,1688419172,REQUEST,28,0
26,MSG,359,1688419172,REQUEST,29,0
26,MSG,360,1688419172,REQUEST,30,0
26,MSG,361,1688419172,REQUEST,31,0
26,MSG,362,1688419172,REQUEST,32,0
26,MSG,363,1688419172,REQUEST,34,0
26,MSG,364,1688419172,REQUEST,42,0
26,MSG,365,1688419172,REQUEST,50,0
26,MSG,366,1688419172,REQUEST,58,0
26,CS_REQUESTED,367,1688419172,,,
52,MSG,368,1688419172,RELEASE,4,0
52,MSG,369,1688419172,RELEASE,12,0
52,MSG,370,1688419172,RELEASE,20,0
52,MSG,371,1688419172,RELEASE,28,0
52,MSG,372,1688419172,RELEASE,36,0
52,MSG,373,1688419172,RELEASE,44,0
52,MSG,374,1688419172,RELEASE,49,0
52,MSG,375,1688419172,RELEASE,50,0
52,MSG,376,1688419172,RELEASE,51,0
52,MSG,377,1688419172,RELEASE,52,0
52,MSG,378,1688419172,RELEASE,53,0
52,MSG,379,1688419172,RELEASE,54,0
52,MSG,380,1688419172,RELEASE,55,0
52,MSG,381,1688419172,RELEASE,56,0
52,MSG,382,1688419172,RELEASE,60,0
52,CS_LEAVE,383,1688419172,,,
58,MSG,384,1688419172,ACK,26,0
12,MSG,385,1688419173,ACK,28,0
56,MSG,386,1688419173,ACK,40,0
20,MSG,387,1688419173,ACK,28,0
36,MSG,388,1688419173,ACK,28,0
54,MSG,389,1688419173,ACK,38,0
51,MSG,390,1688419173,ACK,11,0
60,MSG,391,1688419173,ACK,28,0
4,MSG,392,1688419173,ACK,28,0
49,MSG,393,1688419173,ACK,25,0
44,MSG,394,1688419173,ACK,28,0
53,MSG,395,1688419173,ACK,13,0
28,MSG,396,1688419173,ACK,28,0
52,MSG,397,1688419173,ACK,28,0
50,MSG,398,1688419174,ACK,26,0
12,MSG,399,1688419175,REQUEST,4,0
12,MSG,400,1688419175,REQUEST,9,0
12,MSG,401,1688419175,REQUEST,10,0
12,MSG,402,1688419175,REQUEST,11,0
12,MSG,403,1688419175,REQUEST,12,0
12,MSG,404,1688419175,REQUEST,13,0
12,MSG,405,1688419175,REQUEST,14,0
12,MSG,406,1688419175,REQUEST,15,0
12,MSG,407,1688419175,REQUEST,16,0
12,MSG,408,1688419175,REQUEST,20,0
12,MSG,409,1688419175,REQUEST,28,0
12,MSG,410,1688419175,REQUEST,36,0
12,MSG,411,1688419175,REQUEST,44,0
12,MSG,412,1688419175,REQUEST,52,0
12,MSG,413,1688419175,REQUEST,60,0
12,CS_REQUESTED,414,1688419175,,,
62,MSG,415,1688419177,REQUEST,6,0
62,MSG,416,1688419177,REQUEST,14,0
62,MSG,417,1688419177,REQUEST,22,0
62,MSG,418,1688419177,REQUEST,30,0
62,MSG,419,1688419177,REQUEST,38,0
62,MSG,420,1688419177,REQUEST,46,0
62,MSG,421,1688419177,REQUEST,54,0
62,MSG,422,1688419177,REQUEST,57,0
62,MSG,423,1688419177,REQUEST,58,0
62,MSG,424,1688419177,REQUEST,59,0
62,MSG,425,1688419177,REQUEST,60,0
62,MSG,426,1688419177,REQUEST,61,0
62,MSG,427,1688419177,REQUEST,62,0
62,MSG,428,1688419177,REQUEST,63,0
62,MSG,429,1688419177,REQUEST,64,0
62,CS_REQUESTED,430,1688419177,,,
30,MSG,431,1688419177,REQUEST,6,0
30,MSG,432,1688419177,REQUEST,14,0
30,MSG,433,1688419177,REQUEST,22,0
30,MSG,434,1688419177,REQUEST,25,0
30,MSG,435,1688419177,REQUEST,26,0
30,MSG,436,1688419177,REQUEST,27,0
30,MSG,437,1688419177,REQUEST,28,0
30,MSG,438,1688419177,REQUEST,29,0
30,MSG,439,1688419177,REQUEST,30,0
30,MSG,440,1688419177,REQUEST,31,0
30,MSG,441,1688419177,REQUEST,32,0
30,MSG,442,1688419177,REQUEST,38,0
30,MSG,443,1688419177,REQUEST,46,0
30,MSG,444,1688419177,REQUEST,54,0
30,MSG,445,1688419177,REQUEST,62,0
30,CS_REQUESTED,446,1688419177,,,
63,MSG,447,1688419178,ACK,62,0
20,MSG,448,1688419179,REQUEST,4,0
20,MSG,449,1688419179,REQUEST,12,0
20,MSG,450,1688419179,REQUEST,17,0
20,MSG,451,1688419179,REQUEST,18,0
20,MSG,452,1688419179,REQUEST,19,0
20,MSG,453,1688419179,REQUEST,20,0
20,MSG,454,1688419179,REQUEST,21,0
20,MSG,455,1688419179,REQUEST,22,0
20,MSG,456,1688419179,REQUEST,23,0
20,MSG,457,1688419179,REQUEST,24,0
20,MSG,458,1688419179,REQUEST,28,0
20,MSG,459,1688419179,REQUEST,36,0
20,MSG,460,1688419179,REQUEST,44,0
20,MSG,461,1688419179,REQUEST,52,0
20,MSG,462,1688419179,REQUEST,60,0
20,CS_REQUESTED,463,1688419179,,,
19,MSG,464,1688419179,REQUEST,3,0
19,MSG,465,1688419179,REQUEST,11,0
19,MSG,466,1688419179,REQUEST,17,0
19,MSG,467,1688419179,REQUEST,18,0
19,MSG,468,1688419179,REQUEST,19,0
19,MSG,469,1688419179,REQUEST,20,0
19,MSG,470,1688419179,REQUEST,21,0
19,MSG,471,1688419179,REQUEST,22,0
19,MSG,472,1688419179,REQUEST,23,0
19,MSG,473,1688419179,REQUEST,24,0
19,MSG,474,1688419179,REQUEST,27,0
19,MSG,475,1688419179,REQUEST,35,0
19,MSG,476,1688419179,REQUEST,43,0
19,MSG,477,1688419179,REQUEST,51,0
19,MSG,478,1688419179,REQUEST,59,0
19,CS_REQUESTED,479,1688419179,,,
37,MSG,480,1688419181,REQUEST,5,0
37,MSG,481,1688419181,REQUEST,13,0
37,MSG,482,1688419181,REQUEST,21,0
37,MSG,483,1688419181,REQUEST,29,0
37,MSG,484,1688419181,REQUEST,33,0
37,MSG,485,1688419181,REQUEST,34,0
37,MSG,486,1688419181,REQUEST,35,0
37,MSG,487,1688419181,REQUEST,36,0
37,MSG,488,1688419181,REQUEST,37,0
37,MSG,489,1688419181,REQUEST,38,0
37,MSG,490,1688419181,REQUEST,39,0
37,MSG,491,1688419181,REQUEST,40,0
37,MSG,492,1688419181,REQUEST,45,0
37,MSG,493,1688419181,REQUEST,53,0
37,MSG,494,1688419181,REQUEST,61,0
37,CS_REQUESTED,495,1688419181,,,
28,CS_ACCESS,496,1688419182,,,
28,MSG,497,1688419184,RELEASE,4,0
28,MSG,498,1688419184,RELEASE,12,0
28,MSG,499,1688419184,RELEASE,20,0
28,MSG,500,1688419184,RELEASE,25,0
28,MSG,501,1688419184,RELEASE,26,0
28,MSG,502,1688419184,RELEASE,27,0
28,MSG,503,1688419184,RELEASE,28,0
28,MSG,504,1688419184,RELEASE,29,0
28,MSG,505,1688419184,RELEASE,30,0
28,MSG,506,1688419184,RELEASE,31,0
28,MSG,507,1688419184,RELEASE,32,0
28,MSG,508,1688419184,RELEASE,36,0
28,MSG,509,1688419184,RELEASE,44,0
28,MSG,510,1688419184,RELEASE,52,0
28,MSG,511,1688419184,RELEASE,60,0
28,CS_LEAVE,512,1688419184,,,
52,MSG,513,1688419184,ACK,44,0
30,MSG,514,1688419184,ACK,25,0
14,MSG,515,1688419184,REQUEST,6,0
14,MSG,516,1688419184,REQUEST,9,0
14,MSG,517,1688419184,REQUEST,10,0
14,MSG,518,1688419184,REQUEST,11,0
14,MSG,519,1688419184,REQUEST,12,0
14,MSG,520,1688419184,REQUEST,13,0
14,MSG,521,1688419184,REQUEST,14,0
14,MSG,522,1688419184,REQUEST,15,0
14,MSG,523,1688419184,REQUEST,16,0
14,MSG,524,1688419184,REQUEST,22,0
14,MSG,525,1688419184,REQUEST,30,0
14,MSG,526,1688419184,REQUEST,38,0
14,MSG,527,1688419184,REQUEST,46,0
14,MSG,528,1688419184,REQUEST,54,0
14,MSG,529,1688419184,REQUEST,62,0
14,CS_REQUESTED,530,1688419184,,,
12,MSG,531,1688419185,ACK,44,0
29,MSG,532,1688419185,ACK,25,0
32,MSG,533,1688419185,ACK,25,0
20,MSG,534,1688419185,ACK,44,0
36,MSG,535,1688419185,ACK,44,0
60,MSG,536,1688419185,ACK,44,0
25,MSG,537,1688419185,ACK,25,0
4,MSG,538,1688419185,ACK,1,0
26,MSG,539,1688419185,ACK,25,0
48,MSG,540,1688419185,REQUEST,8,0
48,MSG,541,1688419185,REQUEST,16,0
48,MSG,542,1688419185,REQUEST,24,0
48,MSG,543,1688419185,REQUEST,32,0
48,MSG,544,1688419185,REQUEST,40,0
48,MSG,545,1688419185,REQUEST,41,0
48,MSG,546,1688419185,REQUEST,42,0
48,MSG,547,1688419185,REQUEST,43,0
48,MSG,548,1688419185,REQUEST,44,0
48,MSG,549,1688419185,REQUEST,45,0
48,MSG,550,1688419185,REQUEST,46,0
48,MSG,551,1688419185,REQUEST,47,0
48,MSG,552,1688419185,REQUEST,48,0
48,MSG,553,1688419185,REQUEST,56,0
48,MSG,554,1688419185,REQUEST,64,0
48,CS_REQUESTED,555,1688419185,,,
27,MSG,556,1688419185,ACK,25,0
31,MSG,557,1688419185,ACK,25,0
44,MSG,558,1688419185,ACK,44,0
28,MSG,559,1688419185,ACK,25,0
61,MSG,560,1688419190,REQUEST,5,0
61,MSG,561,1688419190,REQUEST,13,0
61,MSG,562,1688419190,REQUEST,21,0
61,MSG,563,1688419190,REQUEST,29,0
61,MSG,564,1688419190,REQUEST,37,0
61,MSG,565,1688419190,REQUEST,45,0
61,MSG,566,1688419190,REQUEST,53,0
61,MSG,567,1688419190,REQUEST,57,0
61,MSG,568,1688419190,REQUEST,58,0
61,MSG,569,1688419190,REQUEST,59,0
61,MSG,570,1688419190,REQUEST,60,0
61,MSG,571,1688419190,REQUEST,61,0
61,MSG,572,1688419190,REQUEST,62,0
61,MSG,573,1688419190,REQUEST,63,0
61,MSG,574,1688419190,REQUEST,64,0
61,CS_REQUESTED,575,1688419190,,,
50,MSG,576,1688419190,REQUEST,2,0
50,MSG,577,1688419190,REQUEST,10,0
50,MSG,578,1688419190,REQUEST,18,0
50,MSG,579,1688419190,REQUEST,26,0
50,MSG,580,1688419190,REQUEST,34,0
50,MSG,581,1688419190,REQUEST,42,0
50,MSG,582,1688419190,REQUEST,49,0
50,MSG,583,1688419190,REQUEST,50,0
50,MSG,584,1688419190,REQUEST,51,0
50,MSG,585,1688419190,REQUEST,52,0
50,MSG,586,1688419190,REQUEST,53,0
50,MSG,587,1688419190,REQUEST,54,0
50,MSG,588,1688419190,REQUEST,55,0
50,MSG,589,1688419190,REQUEST,56,0
50,MSG,590,1688419190,REQUEST,58,0
50,CS_REQUESTED,591,1688419190,,,
55,MSG,592,1688419190,ACK,50,0
58,MSG,593,1688419192,REQUEST,2,0
58,MSG,594,1688419192,REQUEST,10,0
58,MSG,595,1688419192,REQUEST,18,0
58,MSG,596,1688419192,REQUEST,26,0
58,MSG,597,1688419192,REQUEST,34,0
58,MSG,598,1688419192,REQUEST,42,0
58,MSG,599,1688419192,REQUEST,50,0
58,MSG,600,1688419192,REQUEST,57,0
58,MSG,601,1688419192,REQUEST,58,0
58,MSG,602,1688419192,REQUEST,59,0
58,MSG,603,1688419192,REQUEST,60,0
58,MSG,604,1688419192,REQUEST,61,0
58,MSG,605,1688419192,REQUEST,62,0
58,MSG,606,1688419192,REQUEST,63,0
58,MSG,607,1688419192,REQUEST,64,0
58,CS_REQUESTED,608,1688419192,,,
2,MSG,609,1688419193,REQUEST,1,0
2,MSG,610,1688419193,REQUEST,2,0
2,MSG,611,1688419193,REQUEST,3,0
2,MSG,612,1688419193,REQUEST,4,0
2,MSG,613,1688419193,REQUEST,5,0
2,MSG,614,1688419193,REQUEST,6,0
2,MSG,615,1688419193,REQUEST,7,0
2,MSG,616,1688419193,REQUEST,8,0
2,MSG,617,1688419193,REQUEST,10,0
2,MSG,618,1688419193,REQUEST,18,0
2,MSG,619,1688419193,REQUEST,26,0
2,MSG,620,1688419193,REQUEST,34,0
2,MSG,621,1688419193,REQUEST,42,0
2,MSG,622,1688419193,REQUEST,50,0
2,MSG,623,1688419193,REQUEST,58,0
2,CS_REQUESTED,624,1688419193,,,
23,MSG,625,1688419194,REQUEST,7,0
23,MSG,626,1688419194,REQUEST,15,0
23,MSG,627,1688419194,REQUEST,17,0
23,MSG,628,1688419194,REQUEST,18,0
23,MSG,629,1688419194,REQUEST,19,0
23,MSG,630,1688419194,REQUEST,20,0
23,MSG,631,1688419194,REQUEST,21,0
23,MSG,632,1688419194,REQUEST,22,0
23,MSG,633,1688419194,REQUEST,23,0
23,MSG,634,1688419194,REQUEST,24,0
23,MSG,635,1688419194,REQUEST,31,0
23,MSG,636,1688419194,REQUEST,39,0
23,MSG,637,1688419194,REQUEST,47,0
23,MSG,638,1688419194,REQUEST,55,0
23,MSG,639,1688419194,REQUEST,63,0
23,CS_REQUESTED,640,1688419194,,,
25,CS_ACCESS,641,1688419194,,,
25,MSG,642,1688419196,RELEASE,1,0
25,MSG,643,1688419196,RELEASE,9,0
25,MSG,644,1688419196,RELEASE,17,0
25,MSG,645,1688419196,RELEASE,25,0
25,MSG,646,1688419196,RELEASE,26,0
25,MSG,647,1688419196,RELEASE,27,0
25,MSG,648,1688419196,RELEASE,28,0
25,MSG,649,1688419196,RELEASE,29,0
25,MSG,650,1688419196,RELEASE,30,0
25,MSG,651,1688419196,RELEASE,31,0
25,MSG,652,1688419196,RELEASE,32,0
25,MSG,653,1688419196,RELEASE,33,0
25,MSG,654,1688419196,RELEASE,41,0
25,MSG,655,1688419196,RELEASE,49,0
25,MSG,656,1688419196,RELEASE,57,0
25,CS_LEAVE,657,1688419196,,,
49,MSG,658,1688419196,ACK,1,0
26,MSG,659,1688419196,ACK,26,0
57,MSG,660,1688419196,ACK,1,0
27,MSG,661,1688419196,ACK,11,0
31,MSG,662,1688419196,ACK,26,0
28,MSG,663,1688419196,ACK,44,0
41,MSG,664,1688419196,ACK,1,0
30,MSG,665,1688419196,ACK,38,0
17,MSG,666,1688419196,ACK,1,0
33,MSG,667,1688419197,ACK,1,0
29,MSG,668,1688419197,ACK,13,0
32,MSG,669,1688419197,ACK,40,0
9,MSG,670,1688419197,ACK,1,0
1,MSG,671,1688419197,ACK,1,0
25,MSG,672,1688419197,ACK,1,0
59,MSG,673,1688419201,REQUEST,3,0
59,MSG,674,1688419201,REQUEST,11,0
59,MSG,675,1688419201,REQUEST,19,0
59,MSG,676,1688419201,REQUEST,27,0
59,MSG,677,1688419201,REQUEST,35,0
59,MSG,678,1688419201,REQUEST,43,0
59,MSG,679,1688419201,REQUEST,51,0
59,MSG,680,1688419201,REQUEST,57,0
59,MSG,681,1688419201,REQUEST,58,0
59,MSG,682,1688419201,REQUEST,59,0
59,MSG,683,1688419201,REQUEST,60,0
59,MSG,684,1688419201,REQUEST,61,0
59,MSG,685,1688419201,REQUEST,62,0
59,MSG,686,1688419201,REQUEST,63,0
59,MSG,687,1688419201,REQUEST,64,0
59,CS_REQUESTED,688,1688419201,,,
1,CS_ACCESS,689,1688419206,,,
1,MSG,690,1688419208,RELEASE,1,0
1,MSG,691,1688419208,RELEASE,2,0
1,MSG,692,1688419208,RELEASE,3,0
1,MSG,693,1688419208,RELEASE,4,0
1,MSG,694,1688419208,RELEASE,5,0
1,MSG,695,1688419208,RELEASE,6,0
1,MSG,696,1688419208,RELEASE,7,0
1,MSG,697,1688419208,RELEASE,8,0
1,MSG,698,1688419208,RELEASE,9,0
1,MSG,699,1688419208,RELEASE,17,0
1,MSG,700,1688419208,RELEASE,25,0
1,MSG,701,1688419208,RELEASE,33,0
1,MSG,702,1688419208,RELEASE,41,0
1,MSG,703,1688419208,RELEASE,49,0
1,MSG,704,1688419208,RELEASE,57,0
1,CS_LEAVE,705,1688419208,,,
4,MSG,706,1688419208,ACK,44,0
49,MSG,707,1688419208,ACK,17,0
5,MSG,708,1688419208,ACK,8,0
2,MSG,709,1688419208,ACK,8,0
57,MSG,710,1688419208,ACK,17,0
41,MSG,711,1688419208,ACK,44,0
17,MSG,712,1688419208,ACK,17,0
6,MSG,713,1688419208,ACK,8,0
33,MSG,714,1688419209,ACK,36,0
3,MSG,715,1688419209,REQUEST,1,0
3,MSG,716,1688419209,REQUEST,2,0
3,MSG,717,1688419209,REQUEST,3,0
3,MSG,718,1688419209,REQUEST,4,0
3,MSG,719,1688419209,REQUEST,5,0
3,MSG,720,1688419209,REQUEST,6,0
3,MSG,721,1688419209,REQUEST,7,0
3,MSG,722,1688419209,REQUEST,8,0
3,MSG,723,1688419209,REQUEST,11,0
3,MSG,724,1688419209,REQUEST,19,0
3,MSG,725,1688419209,REQUEST,27,0
3,MSG,726,1688419209,REQUEST,35,0
3,MSG,727,1688419209,REQUEST,43,0
3,MSG,728,1688419209,REQUEST,51,0
3,MSG,729,1688419209,REQUEST,59,0
3,CS_REQUESTED,730,1688419209,,,
3,MSG,731,1688419209,ACK,8,0
7,MSG,732,1688419209,ACK,8,0
9,MSG,733,1688419209,ACK,17,0
8,MSG,734,1688419209,ACK,40,0
25,MSG,735,1688419209,ACK,17,0
1,MSG,736,1688419209,ACK,17,0
35,MSG,737,1688419210,REQUEST,3,0
35,MSG,738,1688419210,REQUEST,11,0
35,MSG,739,1688419210,REQUEST,19,0
35,MSG,740,1688419210,REQUEST,27,0
35,MSG,741,1688419210,REQUEST,33,0
35,MSG,742,1688419210,REQUEST,34,0
35,MSG,743,1688419210,REQUEST,35,0
35,MSG,744,1688419210,REQUEST,36,0
35,MSG,745,1688419210,REQUEST,37,0
35,MSG,746,1688419210,REQUEST,38,0
35,MSG,747,1688419210,REQUEST,39,0
35,MSG,748,1688419210,REQUEST,40,0
35,MSG,749,1688419210,REQUEST,43,0
35,MSG,750,1688419210,REQUEST,51,0
35,MSG,751,1688419210,REQUEST,59,0
35,CS_REQUESTED,752,1688419210,,,
44,CS_ACCESS,753,1688419210,,,
55,MSG,754,1688419211,REQUEST,7,0
55,MSG,755,1688419211,REQUEST,15,0
55,MSG,756,1688419211,REQUEST,23,0
55,MSG,757,1688419211,REQUEST,31,0
55,MSG,758,1688419211,REQUEST,39,0
55,MSG,759,1688419211,REQUEST,47,0
55,MSG,760,1688419211,REQUEST,49,0
55,MSG,761,1688419211,REQUEST,50,0
55,MSG,762,1688419211,REQUEST,51,0
55,MSG,763,1688419211,REQUEST,52,0
55,MSG,764,1688419211,REQUEST,53,0
55,MSG,765,1688419211,REQUEST,54,0
55,MSG,766,1688419211,REQUEST,55,0
55,MSG,767,1688419211,REQUEST,56,0
55,MSG,768,1688419211,REQUEST,63,0
55,CS_REQUESTED,769,1688419211,,,
21,MSG,770,1688419212,REQUEST,5,0
21,MSG,771,1688419212,REQUEST,13,0
21,MSG,772,1688419212,REQUEST,17,0
21,MSG,773,1688419212,REQUEST,18,0
21,MSG,774,1688419212,REQUEST,19,0
21,MSG,775,1688419212,REQUEST,20,0
21,MSG,776,1688419212,REQUEST,21,0
21,MSG,777,1688419212,REQUEST,22,0
21,MSG,778,1688419212,REQUEST,23,0
21,MSG,779,1688419212,REQUEST,24,0
21,MSG,780,1688419212,REQUEST,29,0
21,MSG,781,1688419212,REQUEST,37,0
21,MSG,782,1688419212,REQUEST,45,0
21,MSG,783,1688419212,REQUEST,53,0
21,MSG,784,1688419212,REQUEST,61,0
21,CS_REQUESTED,785,1688419212,,,
44,MSG,786,1688419212,RELEASE,4,0
44,MSG,787,1688419212,RELEASE,12,0
44,MSG,788,1688419212,RELEASE,20,0
44,MSG,789,1688419212,RELEASE,28,0
44,MSG,790,1688419212,RELEASE,36,0
44,MSG,791,1688419212,RELEASE,41,0
44,MSG,792,1688419212,RELEASE,42,0
44,MSG,793,1688419212,RELEASE,43,0
44,MSG,794,1688419212,RELEASE,44,0
44,MSG,795,1688419212,RELEASE,45,0
44,MSG,796,1688419212,RELEASE,46,0
44,MSG,797,1688419212,RELEASE,47,0
44,MSG,798,1688419212,RELEASE,48,0
44,MSG,799,1688419212,RELEASE,52,0
44,MSG,800,1688419212,RELEASE,60,0
44,CS_LEAVE,801,1688419212,,,
28,MSG,802,1688419212,ACK,36,0
41,MSG,803,1688419212,ACK,17,0
46,MSG,804,1688419212,ACK,38,0
42,MSG,805,1688419213,ACK,46,0
43,MSG,806,1688419213,ACK,11,0
12,MSG,807,1688419213,ACK,36,0
47,MSG,808,1688419213,ACK,46,0
20,MSG,809,1688419213,ACK,36,0
36,MSG,810,1688419213,ACK,36,0
60,MSG,811,1688419213,ACK,36,0
4,MSG,812,1688419213,ACK,36,0
45,MSG,813,1688419213,ACK,13,0
48,MSG,814,1688419213,ACK,40,0
44,MSG,815,1688419213,ACK,36,0
52,MSG,816,1688419213,ACK,36,0
15,MSG,817,1688419215,REQUEST,7,0
15,MSG,818,1688419215,REQUEST,9,0
15,MSG,819,1688419215,REQUEST,10,0
15,MSG,820,1688419215,REQUEST,11,0
15,MSG,821,1688419215,REQUEST,12,0
15,MSG,822,1688419215,REQUEST,13,0
15,MSG,823,1688419215,REQUEST,14,0
15,MSG,824,1688419215,REQUEST,15,0
15,MSG,825,1688419215,REQUEST,16,0
15,MSG,826,1688419215,REQUEST,23,0
15,MSG,827,1688419215,REQUEST,31,0
15,MSG,828,1688419215,REQUEST,39,0
15,MSG,829,1688419215,REQUEST,47,0
15,MSG,830,1688419215,REQUEST,55,0
15,MSG,831,1688419215,REQUEST,63,0
15,CS_REQUESTED,832,1688419215,,,
7,MSG,833,1688419222,REQUEST,1,0
7,MSG,834,1688419222,REQUEST,2,0
7,MSG,835,1688419222,REQUEST,3,0
7,MSG,836,1688419222,REQUEST,4,0
7,MSG,837,1688419222,REQUEST,5,0
7,MSG,838,1688419222,REQUEST,6,0
7,MSG,839,1688419222,REQUEST,7,0
7,MSG,840,1688419222,REQUEST,8,0
7,MSG,841,1688419222,REQUEST,15,0
7,MSG,842,1688419222,REQUEST,23,0
7,MSG,843,1688419222,REQUEST,31,0
7,MSG,844,1688419222,REQUEST,39,0
7,MSG,845,1688419222,REQUEST,47,0
7,MSG,846,1688419222,REQUEST,55,0
7,MSG,847,1688419222,REQUEST,63,0
7,CS_REQUESTED,848,1688419222,,,
36,CS_ACCESS,849,1688419222,,,
36,MSG,850,1688419224,RELEASE,4,0
36,MSG,851,1688419224,RELEASE,12,0
36,MSG,852,1688419224,RELEASE,20,0
36,MSG,853,1688419224,RELEASE,28,0
36,MSG,854,1688419224,RELEASE,33,0
36,MSG,855,1688419224,RELEASE,34,0
36,MSG,856,1688419224,RELEASE,35,0
36,MSG,857,1688419224,RELEASE,36,0
36,MSG,858,1688419224,RELEASE,37,0
36,MSG,859,1688419224,RELEASE,38,0
36,MSG,860,1688419224,RELEASE,39,0
36,MSG,861,1688419224,RELEASE,40,0
36,MSG,862,1688419224,RELEASE,44,0
36,MSG,863,1688419224,RELEASE,52,0
36,MSG,864,1688419224,RELEASE,60,0
36,CS_LEAVE,865,1688419224,,,
35,MSG,866,1688419224,ACK,40,0
60,MSG,867,1688419224,ACK,4,0
4,MSG,868,1688419224,ACK,8,0
40,MSG,869,1688419224,ACK,40,0
34,MSG,870,1688419224,ACK,40,0
44,MSG,871,1688419224,ACK,4,0
38,MSG,872,1688419224,ACK,40,0
28,MSG,873,1688419224,ACK,4,0
52,MSG,874,1688419224,ACK,4,0
37,MSG,875,1688419224,ACK,40,0
39,MSG,876,1688419225,ACK,40,0
33,MSG,877,1688419225,ACK,40,0
12,MSG,878,1688419225,ACK,11,0
20,MSG,879,1688419225,ACK,17,0
36,MSG,880,1688419225,ACK,40,0
54,MSG,881,1688419226,REQUEST,6,0
54,MSG,882,1688419226,REQUEST,14,0
54,MSG,883,1688419226,REQUEST,22,0
54,MSG,884,1688419226,REQUEST,30,0
54,MSG,885,1688419226,REQUEST,38,0
54,MSG,886,1688419226,REQUEST,46,0
54,MSG,887,1688419226,REQUEST,49,0
54,MSG,888,1688419226,REQUEST,50,0
54,MSG,889,1688419226,REQUEST,51,0
54,MSG,890,1688419226,REQUEST,52,0
54,MSG,891,1688419226,REQUEST,53,0
54,MSG,892,1688419226,REQUEST,54,0
54,MSG,893,1688419226,REQUEST,55,0
54,MSG,894,1688419226,REQUEST,56,0
54,MSG,895,1688419226,REQUEST,62,0
54,CS_REQUESTED,896,1688419226,,,
28,MSG,897,1688419230,REQUEST,4,0
28,MSG,898,1688419230,REQUEST,12,0
28,MSG,899,1688419230,REQUEST,20,0
28,MSG,900,1688419230,REQUEST,25,0
28,MSG,901,1688419230,REQUEST,26,0
28,MSG,902,1688419230,REQUEST,27,0
28,MSG,903,1688419230,REQUEST,28,0
28,MSG,904,1688419230,REQUEST,29,0
28,MSG,905,1688419230,REQUEST,30,0
28,MSG,906,1688419230,REQUEST,31,0
28,MSG,907,1688419230,REQUEST,32,0
28,MSG,908,1688419230,REQUEST,36,0
28,MSG,909,1688419230,REQUEST,44,0
28,MSG,910,1688419230,REQUEST,52,0
28,MSG,911,1688419230,REQUEST,60,0
28,CS_REQUESTED,912,1688419230,,,
40,CS_ACCESS,913,1688419233,,,
40,MSG,914,1688419235,RELEASE,8,0
40,MSG,915,1688419235,RELEASE,16,0
40,MSG,916,1688419235,RELEASE,24,0
40,MSG,917,1688419235,RELEASE,32,0
40,MSG,918,1688419235,RELEASE,33,0
40,MSG,919,1688419235,RELEASE,34,0
40,MSG,920,1688419235,RELEASE,35,0
40,MSG,921,1688419235,RELEASE,36,0
40,MSG,922,1688419235,RELEASE,37,0
40,MSG,923,1688419235,RELEASE,38,0
40,MSG,924,1688419235,RELEASE,39,0
40,MSG,925,1688419235,RELEASE,40,0
40,MSG,926,1688419235,RELEASE,48,0
40,MSG,927,1688419235,RELEASE,56,0
40,MSG,928,1688419235,RELEASE,64,0
40,CS_LEAVE,929,1688419235,,,
34,MSG,930,1688419235,ACK,38,0
48,MSG,931,1688419235,ACK,8,0
38,MSG,932,1688419235,ACK,38,0
64,MSG,933,1688419235,ACK,8,0
16,MSG,934,1688419235,ACK,8,0
37,MSG,935,1688419235,ACK,38,0
39,MSG,936,1688419236,ACK,38,0
33,MSG,937,1688419236,ACK,17,0
56,MSG,938,1688419236,ACK,8,0
32,MSG,939,1688419236,ACK,8,0
36,MSG,940,1688419236,ACK,4,0
8,MSG,941,1688419236,ACK,8,0
24,MSG,942,1688419236,ACK,17,0
35,MSG,943,1688419236,ACK,11,0
40,MSG,944,1688419236,ACK,8,0
44,MSG,945,1688419237,REQUEST,4,0
44,MSG,946,1688419237,REQUEST,12,0
44,MSG,947,1688419237,REQUEST,20,0
44,MSG,948,1688419237,REQUEST,28,0
44,MSG,949,1688419237,REQUEST,36,0
44,MSG,950,1688419237,REQUEST,41,0
44,MSG,951,1688419237,REQUEST,42,0
44,MSG,952,1688419237,REQUEST,43,0
44,MSG,953,1688419237,REQUEST,44,0
44,MSG,954,1688419237,REQUEST,45,0
44,MSG,955,1688419237,REQUEST,46,0
44,MSG,956,1688419237,REQUEST,47,0
44,MSG,957,1688419237,REQUEST,48,0
44,MSG,958,1688419237,REQUEST,52,0
44,MSG,959,1688419237,REQUEST,60,0
44,CS_REQUESTED,960,1688419237,,,
10,MSG,961,1688419238,REQUEST,2,0
10,MSG,962,1688419238,REQUEST,9,0
10,MSG,963,1688419238,REQUEST,10,0
10,MSG,964,1688419238,REQUEST,11,0
10,MSG,965,1688419238,REQUEST,12,0
10,MSG,966,1688419238,REQUEST,13,0
10,MSG,967,1688419238,REQUEST,14,0
10,MSG,968,1688419238,REQUEST,15,0
10,MSG,969,1688419238,REQUEST,16,0
10,MSG,970,1688419238,REQUEST,18,0
10,MSG,971,1688419238,REQUEST,26,0
10,MSG,972,1688419238,REQUEST,34,0
10,MSG,973,1688419238,REQUEST,42,0
10,MSG,974,1688419238,REQUEST,50,0
10,MSG,975,1688419238,REQUEST,58,0
10,CS_REQUESTED,976,1688419238,,,
17,CS_ACCESS,977,1688419238,,,
32,MSG,978,1688419240,REQUEST,8,0
32,MSG,979,1688419240,REQUEST,16,0
32,MSG,980,1688419240,REQUEST,24,0
32,MSG,981,1688419240,REQUEST,25,0
32,MSG,982,1688419240,REQUEST,26,0
32,MSG,983,1688419240,REQUEST,27,0
32,MSG,984,1688419240,REQUEST,28,0
32,MSG,985,1688419240,REQUEST,29,0
32,MSG,986,1688419240,REQUEST,30,0
32,MSG,987,1688419240,REQUEST,31,0
32,MSG,988,1688419240,REQUEST,32,0
32,MSG,989,1688419240,REQUEST,40,0
32,MSG,990,1688419240,REQUEST,48,0
32,MSG,991,1688419240,REQUEST,56,0
32,MSG,992,1688419240,REQUEST,64,0
32,CS_REQUESTED,993,1688419240,,,
17,MSG,994,1688419240,RELEASE,1,0
17,MSG,995,1688419240,RELEASE,9,0
17,MSG,996,1688419240,RELEASE,17,0
17,MSG,997,1688419240,RELEASE,18,0
17,MSG,998,1688419240,RELEASE,19,0
17,MSG,999,1688419240,RELEASE,20,0
17,MSG,1000,1688419240,RELEASE,21,0
17,MSG,1001,1688419240,RELEASE,22,0
17,MSG,1002,1688419240,RELEASE,23,0
17,MSG,1003,1688419240,RELEASE,24,0
17,MSG,1004,1688419240,RELEASE,25,0
17,MSG,1005,1688419240,RELEASE,33,0
17,MSG,1006,1688419240,RELEASE,41,0
17,MSG,1007,1688419240,RELEASE,49,0
17,MSG,1008,1688419240,RELEASE,57,0
17,CS_LEAVE,1009,1688419240,,,
21,MSG,1010,1688419241,ACK,24,0
33,MSG,1011,1688419241,ACK,38,0
20,MSG,1012,1688419241,ACK,24,0
9,MSG,1013,1688419241,ACK,11,0
24,MSG,1014,1688419241,ACK,8,0
18,MSG,1015,1688419241,ACK,24,0
19,MSG,1016,1688419241,ACK,24,0
23,MSG,1017,1688419241,ACK,24,0
1,MSG,1018,1688419241,ACK,8,0
25,MSG,1019,1688419241,ACK,26,0
49,MSG,1020,1688419241,ACK,50,0
57,MSG,1021,1688419241,ACK,62,0
22,MSG,1022,1688419241,ACK,24,0
41,MSG,1023,1688419241,ACK,46,0
17,MSG,1024,1688419241,ACK,24,0
43,MSG,1025,1688419244,REQUEST,3,0
43,MSG,1026,1688419244,REQUEST,11,0
43,MSG,1027,1688419244,REQUEST,19,0
43,MSG,1028,1688419244,REQUEST,27,0
43,MSG,1029,1688419244,REQUEST,35,0
43,MSG,1030,1688419244,REQUEST,41,0
43,MSG,1031,1688419244,REQUEST,42,0
43,MSG,1032,1688419244,REQUEST,43,0
43,MSG,1033,1688419244,REQUEST,44,0
43,MSG,1034,1688419244,REQUEST,45,0
43,MSG,1035,1688419244,REQUEST,46,0
43,MSG,1036,1688419244,REQUEST,47,0
43,MSG,1037,1688419244,REQUEST,48,0
43,MSG,1038,1688419244,REQUEST,51,0
43,MSG,1039,1688419244,REQUEST,59,0
43,CS_REQUESTED,1040,1688419244,,,
1,MSG,1041,1688419244,REQUEST,1,0
1,MSG,1042,1688419244,REQUEST,2,0
1,MSG,1043,1688419244,REQUEST,3,0
1,MSG,1044,1688419244,REQUEST,4,0
1,MSG,1045,1688419244,REQUEST,5,0
1,MSG,1046,1688419244,REQUEST,6,0
1,MSG,1047,1688419244,REQUEST,7,0
1,MSG,1048,1688419244,REQUEST,8,0
1,MSG,1049,1688419244,REQUEST,9,0
1,MSG,1050,1688419244,REQUEST,17,0
1,MSG,1051,1688419244,REQUEST,25,0
1,MSG,1052,1688419244,REQUEST,33,0
1,MSG,1053,1688419244,REQUEST,41,0
1,MSG,1054,1688419244,REQUEST,49,0
1,MSG,1055,1688419244,REQUEST,57,0
1,CS_REQUESTED,1056,1688419244,,,
8,CS_ACCESS,1057,1688419247,,,
6,MSG,1058,1688419247,REQUEST,1,0
6,MSG,1059,1688419247,REQUEST,2,0
6,MSG,1060,1688419247,REQUEST,3,0
6,MSG,1061,1688419247,REQUEST,4,0
6,MSG,1062,1688419247,REQUEST,5,0
6,MSG,1063,1688419247,REQUEST,6,0
6,MSG,1064,1688419247,REQUEST,7,0
6,MSG,1065,1688419247,REQUEST,8,0
6,MSG,1066,1688419247,REQUEST,14,0
6,MSG,1067,1688419247,REQUEST,22,0
6,MSG,1068,1688419247,REQUEST,30,0
6,MSG,1069,1688419247,REQUEST,38,0
6,MSG,1070,1688419247,REQUEST,46,0
6,MSG,1071,1688419247,REQUEST,54,0
6,MSG,1072,1688419247,REQUEST,62,0
6,CS_REQUESTED,1073,1688419247,,,
8,MSG,1074,1688419249,RELEASE,1,0
8,MSG,1075,1688419249,RELEASE,2,0
8,MSG,1076,1688419249,RELEASE,3,0
8,MSG,1077,1688419249,RELEASE,4,0
8,MSG,1078,1688419249,RELEASE,5,0
8,MSG,1079,1688419249,RELEASE,6,0
8,MSG,1080,1688419249,RELEASE,7,0
8,MSG,1081,1688419249,RELEASE,8,0
8,MSG,1082,1688419249,RELEASE,16,0
8,MSG,1083,1688419249,RELEASE,24,0
8,MSG,1084,1688419249,RELEASE,32,0
8,MSG,1085,1688419249,RELEASE,40,0
8,MSG,1086,1688419249,RELEASE,48,0
8,MSG,1087,1688419249,RELEASE,56,0
8,MSG,1088,1688419249,RELEASE,64,0
8,CS_LEAVE,1089,1688419249,,,
24,MSG,1090,1688419249,ACK,24,0
1,MSG,1091,1688419249,ACK,4,0
4,MSG,1092,1688419249,ACK,4,0
5,MSG,1093,1688419249,ACK,4,0
2,MSG,1094,1688419249,ACK,4,0
40,MSG,1095,1688419249,ACK,24,0
48,MSG,1096,1688419249,ACK,24,0
64,MSG,1097,1688419249,ACK,24,0
16,MSG,1098,1688419249,ACK,24,0
6,MSG,1099,1688419249,ACK,4,0
3,MSG,1100,1688419250,ACK,11,0
56,MSG,1101,1688419250,ACK,24,0
32,MSG,1102,1688419250,ACK,24,0
7,MSG,1103,1688419250,ACK,4,0
8,MSG,1104,1688419250,ACK,24,0
34,MSG,1105,1688419257,REQUEST,2,0
34,MSG,1106,1688419257,REQUEST,10,0
34,MSG,1107,1688419257,REQUEST,18,0
34,MSG,1108,1688419257,REQUEST,26,0
34,MSG,1109,1688419257,REQUEST,33,0
34,MSG,1110,1688419257,REQUEST,34,0
34,MSG,1111,1688419257,REQUEST,35,0
34,MSG,1112,1688419257,REQUEST,36,0
34,MSG,1113,1688419257,REQUEST,37,0
34,MSG,1114,1688419257,REQUEST,38,0
34,MSG,1115,1688419257,REQUEST,39,0
34,MSG,1116,1688419257,REQUEST,40,0
34,MSG,1117,1688419257,REQUEST,42,0
34,MSG,1118,1688419257,REQUEST,50,0
34,MSG,1119,1688419257,REQUEST,58,0
34,CS_REQUESTED,1120,1688419257,,,
24,CS_ACCESS,1121,1688419258,,,
49,MSG,1122,1688419258,REQUEST,1,0
49,MSG,1123,1688419258,REQUEST,9,0
49,MSG,1124,1688419258,REQUEST,17,0
49,MSG,1125,1688419258,REQUEST,25,0
49,MSG,1126,1688419258,REQUEST,33,0
49,MSG,1127,1688419258,REQUEST,41,0
49,MSG,1128,1688419258,REQUEST,49,0
49,MSG,1129,1688419258,REQUEST,50,0
49,MSG,1130,1688419258,REQUEST,51,0
49,MSG,1131,1688419258,REQUEST,52,0
49,MSG,1132,1688419258,REQUEST,53,0
49,MSG,1133,1688419258,REQUEST,54,0
49,MSG,1134,1688419258,REQUEST,55,0
49,MSG,1135,1688419258,REQUEST,56,0
49,MSG,1136,1688419258,REQUEST,57,0
49,CS_REQUESTED,1137,1688419258,,,
24,MSG,1138,1688419260,RELEASE,8,0
24,MSG,1139,1688419260,RELEASE,16,0
24,MSG,1140,1688419260,RELEASE,17,0
24,MSG,1141,1688419260,RELEASE,18,0
24,MSG,1142,1688419260,RELEASE,19,0
24,MSG,1143,1688419260,RELEASE,20,0
24,MSG,1144,1688419260,RELEASE,21,0
24,MSG,1145,1688419260,RELEASE,22,0
24,MSG,1146,1688419260,RELEASE,23,0
24,MSG,1147,1688419260,RELEASE,24,0
24,MSG,1148,1688419260,RELEASE,32,0
24,MSG,1149,1688419260,RELEASE,40,0
24,MSG,1150,1688419260,RELEASE,48,0
24,MSG,1151,1688419260,RELEASE,56,0
24,MSG,1152,1688419260,RELEASE,64,0
24,CS_LEAVE,1153,1688419260,,,
18,MSG,1154,1688419260,ACK,26,0
19,MSG,1155,1688419260,ACK,11,0
23,MSG,1156,1688419260,ACK,20,0
40,MSG,1157,1688419260,ACK,38,0
48,MSG,1158,1688419260,ACK,46,0
64,MSG,1159,1688419260,ACK,62,0
22,MSG,1160,1688419260,ACK,38,0
16,MSG,1161,1688419260,ACK,11,0
17,MSG,1162,1688419260,ACK,20,0
21,MSG,1163,1688419261,ACK,13,0
56,MSG,1164,1688419261,ACK,48,0
32,MSG,1165,1688419261,ACK,26,0
20,MSG,1166,1688419261,ACK,4,0
8,MSG,1167,1688419261,ACK,4,0
24,MSG,1168,1688419261,ACK,20,0
11,CS_ACCESS,1169,1688419263,,,
39,MSG,1170,1688419264,REQUEST,7,0
39,MSG,1171,1688419264,REQUEST,15,0
39,MSG,1172,1688419264,REQUEST,23,0
39,MSG,1173,1688419264,REQUEST,31,0
39,MSG,1174,1688419264,REQUEST,33,0
39,MSG,1175,1688419264,REQUEST,34,0
39,MSG,1176,1688419264,REQUEST,35,0
39,MSG,1177,1688419264,REQUEST,36,0
39,MSG,1178,1688419264,REQUEST,37,0
39,MSG,1179,1688419264,REQUEST,38,0
39,MSG,1180,1688419264,REQUEST,39,0
39,MSG,1181,1688419264,REQUEST,40,0
39,MSG,1182,1688419264,REQUEST,47,0
39,MSG,1183,1688419264,REQUEST,55,0
39,MSG,1184,1688419264,REQUEST,63,0
39,CS_REQUESTED,1185,1688419264,,,
11,MSG,1186,1688419265,RELEASE,3,0
11,MSG,1187,1688419265,RELEASE,9,0
11,MSG,1188,1688419265,RELEASE,10,0
11,MSG,1189,1688419265,RELEASE,11,0
11,MSG,1190,1688419265,RELEASE,12,0
11,MSG,1191,1688419265,RELEASE,13,0
11,MSG,1192,1688419265,RELEASE,14,0
11,MSG,1193,1688419265,RELEASE,15,0
11,MSG,1194,1688419265,RELEASE,16,0
11,MSG,1195,1688419265,RELEASE,19,0
11,MSG,1196,1688419265,RELEASE,27,0
11,MSG,1197,1688419265,RELEASE,35,0
11,MSG,1198,1688419265,RELEASE,43,0
11,MSG,1199,1688419265,RELEASE,51,0
11,MSG,1200,1688419265,RELEASE,59,0
11,CS_LEAVE,1201,1688419265,,,
15,MSG,1202,1688419265,ACK,13,0
51,MSG,1203,1688419265,ACK,19,0
19,MSG,1204,1688419265,ACK,20,0
10,MSG,1205,1688419265,ACK,13,0
27,MSG,1206,1688419265,ACK,26,0
13,MSG,1207,1688419265,ACK,13,0
16,MSG,1208,1688419265,ACK,13,0
14,MSG,1209,1688419266,ACK,38,0
43,MSG,1210,1688419266,ACK,46,0
12,MSG,1211,1688419266,ACK,4,0
3,MSG,1212,1688419266,ACK,4,0
59,MSG,1213,1688419266,ACK,62,0
9,MSG,1214,1688419266,ACK,13,0
11,MSG,1215,1688419266,ACK,13,0
35,MSG,1216,1688419266,ACK,38,0
4,CS_ACCESS,1217,1688419268,,,
4,MSG,1218,1688419270,RELEASE,1,0
4,MSG,1219,1688419270,RELEASE,2,0
4,MSG,1220,1688419270,RELEASE,3,0
4,MSG,1221,1688419270,RELEASE,4,0
4,MSG,1222,1688419270,RELEASE,5,0
4,MSG,1223,1688419270,RELEASE,6,0
4,MSG,1224,1688419270,RELEASE,7,0
4,MSG,1225,1688419270,RELEASE,8,0
4,MSG,1226,1688419270,RELEASE,12,0
4,MSG,1227,1688419270,RELEASE,20,0
4,MSG,1228,1688419270,RELEASE,28,0
4,MSG,1229,1688419270,RELEASE,36,0
4,MSG,1230,1688419270,RELEASE,44,0
4,MSG,1231,1688419270,RELEASE,52,0
4,MSG,1232,1688419270,RELEASE,60,0
4,CS_LEAVE,1233,1688419270,,,
5,MSG,1234,1688419270,ACK,13,0
2,MSG,1235,1688419270,ACK,26,0
44,MSG,1236,1688419270,ACK,46,0
28,MSG,1237,1688419270,ACK,26,0
52,MSG,1238,1688419270,ACK,12,0
6,MSG,1239,1688419271,ACK,38,0
3,MSG,1240,1688419271,ACK,19,0
12,MSG,1241,1688419271,ACK,13,0
7,MSG,1242,1688419271,ACK,2,0
20,MSG,1243,1688419271,ACK,12,0
36,MSG,1244,1688419271,ACK,38,0
8,MSG,1245,1688419271,ACK,48,0
60,MSG,1246,1688419271,ACK,12,0
1,MSG,1247,1688419271,ACK,2,0
4,MSG,1248,1688419271,ACK,12,0
57,MSG,1249,1688419272,REQUEST,1,0
57,MSG,1250,1688419272,REQUEST,9,0
57,MSG,1251,1688419272,REQUEST,17,0
57,MSG,1252,1688419272,REQUEST,25,0
57,MSG,1253,1688419272,REQUEST,33,0
57,MSG,1254,1688419272,REQUEST,41,0
57,MSG,1255,1688419272,REQUEST,49,0
57,MSG,1256,1688419272,REQUEST,57,0
57,MSG,1257,1688419272,REQUEST,58,0
57,MSG,1258,1688419272,REQUEST,59,0
57,MSG,1259,1688419272,REQUEST,60,0
57,MSG,1260,1688419272,REQUEST,61,0
57,MSG,1261,1688419272,REQUEST,62,0
57,MSG,1262,1688419272,REQUEST,63,0
57,MSG,1263,1688419272,REQUEST,64,0
57,CS_REQUESTED,1264,1688419272,,,
38,CS_ACCESS,1265,1688419273,,,
38,MSG,1266,1688419275,RELEASE,6,0
38,MSG,1267,1688419275,RELEASE,14,0
38,MSG,1268,1688419275,RELEASE,22,0
38,MSG,1269,1688419275,RELEASE,30,0
38,MSG,1270,1688419275,RELEASE,33,0
38,MSG,1271,1688419275,RELEASE,34,0
38,MSG,1272,1688419275,RELEASE,35,0
38,MSG,1273,1688419275,RELEASE,36,0
38,MSG,1274,1688419275,RELEASE,37,0
38,MSG,1275,1688419275,RELEASE,38,0
38,MSG,1276,1688419275,RELEASE,39,0
38,MSG,1277,1688419275,RELEASE,40,0
38,MSG,1278,1688419275,RELEASE,46,0
38,MSG,1279,1688419275,RELEASE,54,0
38,MSG,1280,1688419275,RELEASE,62,0
38,CS_LEAVE,1281,1688419275,,,
22,MSG,1282,1688419275,ACK,46,0
46,MSG,1283,1688419275,ACK,46,0
30,MSG,1284,1688419275,ACK,46,0
37,MSG,1285,1688419276,ACK,13,0
6,MSG,1286,1688419276,ACK,46,0
39,MSG,1287,1688419276,ACK,37,0
14,MSG,1288,1688419276,ACK,13,0
33,MSG,1289,1688419276,ACK,37,0
36,MSG,1290,1688419276,ACK,12,0
35,MSG,1291,1688419276,ACK,19,0
54,MSG,1292,1688419276,ACK,46,0
51,MSG,1293,1688419276,REQUEST,3,0
51,MSG,1294,1688419276,REQUEST,11,0
51,MSG,1295,1688419276,REQUEST,19,0
51,MSG,1296,1688419276,REQUEST,27,0
51,MSG,1297,1688419276,REQUEST,35,0
51,MSG,1298,1688419276,REQUEST,43,0
51,MSG,1299,1688419276,REQUEST,49,0
51,MSG,1300,1688419276,REQUEST,50,0
51,MSG,1301,1688419276,REQUEST,51,0
51,MSG,1302,1688419276,REQUEST,52,0
51,MSG,1303,1688419276,REQUEST,53,0
51,MSG,1304,1688419276,REQUEST,54,0
51,MSG,1305,1688419276,REQUEST,55,0
51,MSG,1306,1688419276,REQUEST,56,0
51,MSG,1307,1688419276,REQUEST,59,0
51,CS_REQUESTED,1308,1688419276,,,
40,MSG,1309,1688419276,ACK,37,0
34,MSG,1310,1688419276,ACK,26,0
38,MSG,1311,1688419276,ACK,46,0
62,MSG,1312,1688419276,ACK,46,0
8,MSG,1313,1688419278,REQUEST,1,0
8,MSG,1314,1688419278,REQUEST,2,0
8,MSG,1315,1688419278,REQUEST,3,0
8,MSG,1316,1688419278,REQUEST,4,0
8,MSG,1317,1688419278,REQUEST,5,0
8,MSG,1318,1688419278,REQUEST,6,0
8,MSG,1319,1688419278,REQUEST,7,0
8,MSG,1320,1688419278,REQUEST,8,0
8,MSG,1321,1688419278,REQUEST,16,0
8,MSG,1322,1688419278,REQUEST,24,0
8,MSG,1323,1688419278,REQUEST,32,0
8,MSG,1324,1688419278,REQUEST,40,0
8,MSG,1325,1688419278,REQUEST,48,0
8,MSG,1326,1688419278,REQUEST,56,0
8,MSG,1327,1688419278,REQUEST,64,0
8,CS_REQUESTED,1328,1688419278,,,
13,CS_ACCESS,1329,1688419278,,,
13,MSG,1330,1688419280,RELEASE,5,0
13,MSG,1331,1688419280,RELEASE,9,0
13,MSG,1332,1688419280,RELEASE,10,0
13,MSG,1333,1688419280,RELEASE,11,0
13,MSG,1334,1688419280,RELEASE,12,0
13,MSG,1335,1688419280,RELEASE,13,0
13,MSG,1336,1688419280,RELEASE,14,0
13,MSG,1337,1688419280,RELEASE,15,0
13,MSG,1338,1688419280,RELEASE,16,0
13,MSG,1339,1688419280,RELEASE,21,0
13,MSG,1340,1688419280,RELEASE,29,0
13,MSG,1341,1688419280,RELEASE,37,0
13,MSG,1342,1688419280,RELEASE,45,0
13,MSG,1343,1688419280,RELEASE,53,0
13,MSG,1344,1688419280,RELEASE,61,0
13,CS_LEAVE,1345,1688419280,,,
16,MSG,1346,1688419280,ACK,12,0
37,MSG,1347,1688419281,ACK,37,0
14,MSG,1348,1688419281,ACK,46,0
21,MSG,1349,1688419281,ACK,20,0
12,MSG,1350,1688419281,ACK,12,0
29,MSG,1351,1688419281,ACK,26,0
9,MSG,1352,1688419281,ACK,12,0
11,MSG,1353,1688419281,ACK,12,0
15,MSG,1354,1688419281,ACK,12,0
10,MSG,1355,1688419281,ACK,26,0
61,MSG,1356,1688419281,ACK,62,0
5,MSG,1357,1688419281,ACK,37,0
45,MSG,1358,1688419281,ACK,46,0
53,MSG,1359,1688419281,ACK,37,0
13,MSG,1360,1688419281,ACK,12,0
46,CS_ACCESS,1361,1688419285,,,
46,MSG,1362,1688419287,RELEASE,6,0
46,MSG,1363,1688419287,RELEASE,14,0
46,MSG,1364,1688419287,RELEASE,22,0
46,MSG,1365,1688419287,RELEASE,30,0
46,MSG,1366,1688419287,RELEASE,38,0
46,MSG,1367,1688419287,RELEASE,41,0
46,MSG,1368,1688419287,RELEASE,42,0
46,MSG,1369,1688419287,RELEASE,43,0
46,MSG,1370,1688419287,RELEASE,44,0
46,MSG,1371,1688419287,RELEASE,45,0
46,MSG,1372,1688419287,RELEASE,46,0
46,MSG,1373,1688419287,RELEASE,47,0
46,MSG,1374,1688419287,RELEASE,48,0
46,MSG,1375,1688419287,RELEASE,54,0
46,MSG,1376,1688419287,RELEASE,62,0
46,CS_LEAVE,1377,1688419287,,,
6,MSG,1378,1688419288,ACK,62,0
14,MSG,1379,1688419288,ACK,12,0
42,MSG,1380,1688419288,ACK,26,0
43,MSG,1381,1688419288,ACK,19,0
29,MSG,1382,1688419288,REQUEST,5,0
29,MSG,1383,1688419288,REQUEST,13,0
29,MSG,1384,1688419288,REQUEST,21,0
29,MSG,1385,1688419288,REQUEST,25,0
29,MSG,1386,1688419288,REQUEST,26,0
29,MSG,1387,1688419288,REQUEST,27,0
29,MSG,1388,1688419288,REQUEST,28,0
29,MSG,1389,1688419288,REQUEST,29,0
29,MSG,1390,1688419288,REQUEST,30,0
29,MSG,1391,1688419288,REQUEST,31,0
29,MSG,1392,1688419288,REQUEST,32,0
29,MSG,1393,1688419288,REQUEST,37,0
29,MSG,1394,1688419288,REQUEST,45,0
29,MSG,1395,1688419288,REQUEST,53,0
29,MSG,1396,1688419288,REQUEST,61,0
29,CS_REQUESTED,1397,1688419288,,,
47,MSG,1398,1688419288,ACK,48,0
54,MSG,1399,1688419288,ACK,62,0
45,MSG,1400,1688419288,ACK,37,0
48,MSG,1401,1688419288,ACK,48,0
44,MSG,1402,1688419288,ACK,12,0
38,MSG,1403,1688419288,ACK,62,0
62,MSG,1404,1688419288,ACK,62,0
22,MSG,1405,1688419288,ACK,62,0
41,MSG,1406,1688419288,ACK,48,0
46,MSG,1407,1688419288,ACK,62,0
30,MSG,1408,1688419288,ACK,26,0
42,MSG,1409,1688419289,REQUEST,2,0
42,MSG,1410,1688419289,REQUEST,10,0
42,MSG,1411,1688419289,REQUEST,18,0
42,MSG,1412,1688419289,REQUEST,26,0
42,MSG,1413,1688419289,REQUEST,34,0
42,MSG,1414,1688419289,REQUEST,41,0
42,MSG,1415,1688419289,REQUEST,42,0
42,MSG,1416,1688419289,REQUEST,43,0
42,MSG,1417,1688419289,REQUEST,44,0
42,MSG,1418,1688419289,REQUEST,45,0
42,MSG,1419,1688419289,REQUEST,46,0
42,MSG,1420,1688419289,REQUEST,47,0
42,MSG,1421,1688419289,REQUEST,48,0
42,MSG,1422,1688419289,REQUEST,50,0
42,MSG,1423,1688419289,REQUEST,58,0
42,CS_REQUESTED,1424,1688419289,,,
56,MSG,1425,1688419291,REQUEST,8,0
56,MSG,1426,1688419291,REQUEST,16,0
56,MSG,1427,1688419291,REQUEST,24,0
56,MSG,1428,1688419291,REQUEST,32,0
56,MSG,1429,1688419291,REQUEST,40,0
56,MSG,1430,1688419291,REQUEST,48,0
56,MSG,1431,1688419291,REQUEST,49,0
56,MSG,1432,1688419291,REQUEST,50,0
56,MSG,1433,1688419291,REQUEST,51,0
56,MSG,1434,1688419291,REQUEST,52,0
56,MSG,1435,1688419291,REQUEST,53,0
56,MSG,1436,1688419291,REQUEST,54,0
56,MSG,1437,1688419291,REQUEST,55,0
56,MSG,1438,1688419291,REQUEST,56,0
56,MSG,1439,1688419291,REQUEST,64,0
56,CS_REQUESTED,1440,1688419291,,,
26,CS_ACCESS,1441,1688419291,,,
26,MSG,1442,1688419293,RELEASE,2,0
26,MSG,1443,1688419293,RELEASE,10,0
26,MSG,1444,1688419293,RELEASE,18,0
26,MSG,1445,1688419293,RELEASE,25,0
26,MSG,1446,1688419293,RELEASE,26,0
26,MSG,1447,1688419293,RELEASE,27,0
26,MSG,1448,1688419293,RELEASE,28,0
26,MSG,1449,1688419293,RELEASE,29,0
26,MSG,1450,1688419293,RELEASE,30,0
26,MSG,1451,1688419293,RELEASE,31,0
26,MSG,1452,1688419293,RELEASE,32,0
26,MSG,1453,1688419293,RELEASE,34,0
26,MSG,1454,1688419293,RELEASE,42,0
26,MSG,1455,1688419293,RELEASE,50,0
26,MSG,1456,1688419293,RELEASE,58,0
26,CS_LEAVE,1457,1688419293,,,
2,MSG,1458,1688419293,ACK,50,0
34,MSG,1459,1688419293,ACK,37,0
27,MSG,1460,1688419293,ACK,30,0
31,MSG,1461,1688419293,ACK,30,0
28,MSG,1462,1688419293,ACK,12,0
58,MSG,1463,1688419293,ACK,62,0
30,MSG,1464,1688419293,ACK,62,0
42,MSG,1465,1688419294,ACK,48,0
29,MSG,1466,1688419294,ACK,30,0
32,MSG,1467,1688419294,ACK,30,0
18,MSG,1468,1688419294,ACK,20,0
10,MSG,1469,1688419294,ACK,12,0
25,MSG,1470,1688419294,ACK,30,0
50,MSG,1471,1688419294,ACK,50,0
26,MSG,1472,1688419294,ACK,30,0
26,MSG,1473,1688419295,REQUEST,2,0
26,MSG,1474,1688419295,REQUEST,10,0
26,MSG,1475,1688419295,REQUEST,18,0
26,MSG,1476,1688419295,REQUEST,25,0
26,MSG,1477,1688419295,REQUEST,26,0
26,MSG,1478,1688419295,REQUEST,27,0
26,MSG,1479,1688419295,REQUEST,28,0
26,MSG,1480,1688419295,REQUEST,29,0
26,MSG,1481,1688419295,REQUEST,30,0
26,MSG,1482,1688419295,REQUEST,31,0
26,MSG,1483,1688419295,REQUEST,32,0
26,MSG,1484,1688419295,REQUEST,34,0
26,MSG,1485,1688419295,REQUEST,42,0
26,MSG,1486,1688419295,REQUEST,50,0
26,MSG,1487,1688419295,REQUEST,58,0
26,CS_REQUESTED,1488,1688419295,,,
33,MSG,1489,1688419296,REQUEST,1,0
33,MSG,1490,1688419296,REQUEST,9,0
33,MSG,1491,1688419296,REQUEST,17,0
33,MSG,1492,1688419296,REQUEST,25,0
33,MSG,1493,1688419296,REQUEST,33,0
33,MSG,1494,1688419296,REQUEST,34,0
33,MSG,1495,1688419296,REQUEST,35,0
33,MSG,1496,1688419296,REQUEST,36,0
33,MSG,1497,1688419296,REQUEST,37,0
33,MSG,1498,1688419296,REQUEST,38,0
33,MSG,1499,1688419296,REQUEST,39,0
33,MSG,1500,1688419296,REQUEST,40,0
33,MSG,1501,1688419296,REQUEST,41,0
33,MSG,1502,1688419296,REQUEST,49,0
33,MSG,1503,1688419296,REQUEST,57,0
33,CS_REQUESTED,1504,1688419296,,,
12,CS_ACCESS,1505,1688419296,,,
9,MSG,1506,1688419296,REQUEST,1,0
9,MSG,1507,1688419296,REQUEST,9,0
9,MSG,1508,1688419296,REQUEST,10,0
9,MSG,1509,1688419296,REQUEST,11,0
9,MSG,1510,1688419296,REQUEST,12,0
9,MSG,1511,1688419296,REQUEST,13,0
9,MSG,1512,1688419296,REQUEST,14,0
9,MSG,1513,1688419296,REQUEST,15,0
9,MSG,1514,1688419296,REQUEST,16,0
9,MSG,1515,1688419296,REQUEST,17,0
9,MSG,1516,1688419296,REQUEST,25,0
9,MSG,1517,1688419296,REQUEST,33,0
9,MSG,1518,1688419296,REQUEST,41,0
9,MSG,1519,1688419296,REQUEST,49,0
9,MSG,1520,1688419296,REQUEST,57,0
9,CS_REQUESTED,1521,1688419296,,,
12,MSG,1522,1688419298,RELEASE,4,0
12,MSG,1523,1688419298,RELEASE,9,0
12,MSG,1524,1688419298,RELEASE,10,0
12,MSG,1525,1688419298,RELEASE,11,0
12,MSG,1526,1688419298,RELEASE,12,0
12,MSG,1527,1688419298,RELEASE,13,0
12,MSG,1528,1688419298,RELEASE,14,0
12,MSG,1529,1688419298,RELEASE,15,0
12,MSG,1530,1688419298,RELEASE,16,0
12,MSG,1531,1688419298,RELEASE,20,0
12,MSG,1532,1688419298,RELEASE,28,0
12,MSG,1533,1688419298,RELEASE,36,0
12,MSG,1534,1688419298,RELEASE,44,0
12,MSG,1535,1688419298,RELEASE,52,0
12,MSG,1536,1688419298,RELEASE,60,0
12,CS_LEAVE,1537,1688419298,,,
20,MSG,1538,1688419298,ACK,20,0
9,MSG,1539,1688419298,ACK,14,0
36,MSG,1540,1688419298,ACK,20,0
11,MSG,1541,1688419298,ACK,19,0
15,MSG,1542,1688419298,ACK,14,0
60,MSG,1543,1688419298,ACK,62,0
10,MSG,1544,1688419298,ACK,14,0
4,MSG,1545,1688419298,ACK,20,0
44,MSG,1546,1688419298,ACK,20,0
28,MSG,1547,1688419298,ACK,30,0
52,MSG,1548,1688419298,ACK,20,0
13,MSG,1549,1688419298,ACK,37,0
16,MSG,1550,1688419298,ACK,14,0
14,MSG,1551,1688419299,ACK,62,0
12,MSG,1552,1688419299,ACK,20,0
11,MSG,1553,1688419299,REQUEST,3,0
11,MSG,1554,1688419299,REQUEST,9,0
11,MSG,1555,1688419299,REQUEST,10,0
11,MSG,1556,1688419299,REQUEST,11,0
11,MSG,1557,1688419299,REQUEST,12,0
11,MSG,1558,1688419299,REQUEST,13,0
11,MSG,1559,1688419299,REQUEST,14,0
11,MSG,1560,1688419299,REQUEST,15,0
11,MSG,1561,1688419299,REQUEST,16,0
11,MSG,1562,1688419299,REQUEST,19,0
11,MSG,1563,1688419299,REQUEST,27,0
11,MSG,1564,1688419299,REQUEST,35,0
11,MSG,1565,1688419299,REQUEST,43,0
11,MSG,1566,1688419299,REQUEST,51,0
11,MSG,1567,1688419299,REQUEST,59,0
11,CS_REQUESTED,1568,1688419299,,,
62,CS_ACCESS,1569,1688419300,,,
62,MSG,1570,1688419302,RELEASE,6,0
62,MSG,1571,1688419302,RELEASE,14,0
62,MSG,1572,1688419302,RELEASE,22,0
62,MSG,1573,1688419302,RELEASE,30,0
62,MSG,1574,1688419302,RELEASE,38,0
62,MSG,1575,1688419302,RELEASE,46,0
62,MSG,1576,1688419302,RELEASE,54,0
62,MSG,1577,1688419302,RELEASE,57,0
62,MSG,1578,1688419302,RELEASE,58,0
62,MSG,1579,1688419302,RELEASE,59,0
62,MSG,1580,1688419302,RELEASE,60,0
62,MSG,1581,1688419302,RELEASE,61,0
62,MSG,1582,1688419302,RELEASE,62,0
62,MSG,1583,1688419302,RELEASE,63,0
62,MSG,1584,1688419302,RELEASE,64,0
62,CS_LEAVE,1585,1688419302,,,
22,MSG,1586,1688419302,ACK,30,0
58,MSG,1587,1688419302,ACK,61,0
30,MSG,1588,1688419302,ACK,30,0
46,MSG,1589,1688419302,ACK,30,0
6,MSG,1590,1688419303,ACK,30,0
59,MSG,1591,1688419303,ACK,19,0
63,MSG,1592,1688419303,ACK,61,0
54,MSG,1593,1688419303,ACK,30,0
60,MSG,1594,1688419303,ACK,20,0
61,MSG,1595,1688419303,ACK,37,0
57,MSG,1596,1688419303,ACK,61,0
64,MSG,1597,1688419303,ACK,48,0
38,MSG,1598,1688419303,ACK,30,0
62,MSG,1599,1688419303,ACK,30,0
13,MSG,1600,1688419303,REQUEST,5,0
13,MSG,1601,1688419303,REQUEST,9,0
13,MSG,1602,1688419303,REQUEST,10,0
13,MSG,1603,1688419303,REQUEST,11,0
13,MSG,1604,1688419303,REQUEST,12,0
13,MSG,1605,1688419303,REQUEST,13,0
13,MSG,1606,1688419303,REQUEST,14,0
13,MSG,1607,1688419303,REQUEST,15,0
13,MSG,1608,1688419303,REQUEST,16,0
13,MSG,1609,1688419303,REQUEST,21,0
13,MSG,1610,1688419303,REQUEST,29,0
13,MSG,1611,1688419303,REQUEST,37,0
13,MSG,1612,1688419303,REQUEST,45,0
13,MSG,1613,1688419303,REQUEST,53,0
13,MSG,1614,1688419303,REQUEST,61,0
13,CS_REQUESTED,1615,1688419303,,,
14,MSG,1616,1688419305,ACK,30,0
30,CS_ACCESS,1617,1688419311,,,
30,MSG,1618,1688419313,RELEASE,6,0
30,MSG,1619,1688419313,RELEASE,14,0
30,MSG,1620,1688419313,RELEASE,22,0
30,MSG,1621,1688419313,RELEASE,25,0
30,MSG,1622,1688419313,RELEASE,26,0
30,MSG,1623,1688419313,RELEASE,27,0
30,MSG,1624,1688419313,RELEASE,28,0
30,MSG,1625,1688419313,RELEASE,29,0
30,MSG,1626,1688419313,RELEASE,30,0
30,MSG,1627,1688419313,RELEASE,31,0
30,MSG,1628,1688419313,RELEASE,32,0
30,MSG,1629,1688419313,RELEASE,38,0
30,MSG,1630,1688419313,RELEASE,46,0
30,MSG,1631,1688419313,RELEASE,54,0
30,MSG,1632,1688419313,RELEASE,62,0
30,CS_LEAVE,1633,1688419313,,,
6,MSG,1634,1688419314,ACK,14,0
14,MSG,1635,1688419314,ACK,14,0
29,MSG,1636,1688419314,ACK,37,0
32,MSG,1637,1688419314,ACK,48,0
54,MSG,1638,1688419314,ACK,14,0
25,MSG,1639,1688419314,ACK,28,0
26,MSG,1640,1688419314,ACK,50,0
27,MSG,1641,1688419314,ACK,19,0
31,MSG,1642,1688419314,ACK,23,0
38,MSG,1643,1688419314,ACK,37,0
28,MSG,1644,1688419314,ACK,20,0
62,MSG,1645,1688419314,ACK,14,0
22,MSG,1646,1688419314,ACK,20,0
46,MSG,1647,1688419314,ACK,14,0
30,MSG,1648,1688419314,ACK,14,0
20,CS_ACCESS,1649,1688419317,,,
20,MSG,1650,1688419319,RELEASE,4,0
20,MSG,1651,1688419319,RELEASE,12,0
20,MSG,1652,1688419319,RELEASE,17,0
20,MSG,1653,1688419319,RELEASE,18,0
20,MSG,1654,1688419319,RELEASE,19,0
20,MSG,1655,1688419319,RELEASE,20,0
20,MSG,1656,1688419319,RELEASE,21,0
20,MSG,1657,1688419319,RELEASE,22,0
20,MSG,1658,1688419319,RELEASE,23,0
20,MSG,1659,1688419319,RELEASE,24,0
20,MSG,1660,1688419319,RELEASE,28,0
20,MSG,1661,1688419319,RELEASE,36,0
20,MSG,1662,1688419319,RELEASE,44,0
20,MSG,1663,1688419319,RELEASE,52,0
20,MSG,1664,1688419319,RELEASE,60,0
20,CS_LEAVE,1665,1688419319,,,
36,MSG,1666,1688419319,ACK,37,0
24,MSG,1667,1688419319,ACK,19,0
18,MSG,1668,1688419319,ACK,19,0
60,MSG,1669,1688419319,ACK,61,0
19,MSG,1670,1688419319,ACK,19,0
23,MSG,1671,1688419319,ACK,19,0
4,MSG,1672,1688419319,ACK,2,0
44,MSG,1673,1688419319,ACK,48,0
28,MSG,1674,1688419319,ACK,28,0
52,MSG,1675,1688419319,ACK,50,0
22,MSG,1676,1688419319,ACK,19,0
17,MSG,1677,1688419320,ACK,19,0
21,MSG,1678,1688419320,ACK,19,0
12,MSG,1679,1688419320,ACK,14,0
20,MSG,1680,1688419320,ACK,19,0
17,MSG,1681,1688419323,REQUEST,1,0
17,MSG,1682,1688419323,REQUEST,9,0
17,MSG,1683,1688419323,REQUEST,17,0
17,MSG,1684,1688419323,REQUEST,18,0
17,MSG,1685,1688419323,REQUEST,19,0
17,MSG,1686,1688419323,REQUEST,20,0
17,MSG,1687,1688419323,REQUEST,21,0
17,MSG,1688,1688419323,REQUEST,22,0
17,MSG,1689,1688419323,REQUEST,23,0
17,MSG,1690,1688419323,REQUEST,24,0
17,MSG,1691,1688419323,REQUEST,25,0
17,MSG,1692,1688419323,REQUEST,33,0
17,MSG,1693,1688419323,REQUEST,41,0
17,MSG,1694,1688419323,REQUEST,49,0
17,MSG,1695,1688419323,REQUEST,57,0
17,CS_REQUESTED,1696,1688419323,,,
60,MSG,1697,1688419324,REQUEST,4,0
60,MSG,1698,1688419324,REQUEST,12,0
60,MSG,1699,1688419324,REQUEST,20,0
60,MSG,1700,1688419324,REQUEST,28,0
60,MSG,1701,1688419324,REQUEST,36,0
60,MSG,1702,1688419324,REQUEST,44,0
60,MSG,1703,1688419324,REQUEST,52,0
60,MSG,1704,1688419324,REQUEST,57,0
60,MSG,1705,1688419324,REQUEST,58,0
60,MSG,1706,1688419324,REQUEST,59,0
60,MSG,1707,1688419324,REQUEST,60,0
60,MSG,1708,1688419324,REQUEST,61,0
60,MSG,1709,1688419324,REQUEST,62,0
60,MSG,1710,1688419324,REQUEST,63,0
60,MSG,1711,1688419324,REQUEST,64,0
60,CS_REQUESTED,1712,1688419324,,,
64,MSG,1713,1688419325,REQUEST,8,0
64,MSG,1714,1688419325,REQUEST,16,0
64,MSG,1715,1688419325,REQUEST,24,0
64,MSG,1716,1688419325,REQUEST,32,0
64,MSG,1717,1688419325,REQUEST,40,0
64,MSG,1718,1688419325,REQUEST,48,0
64,MSG,1719,1688419325,REQUEST,56,0
64,MSG,1720,1688419325,REQUEST,57,0
64,MSG,1721,1688419325,REQUEST,58,0
64,MSG,1722,1688419325,REQUEST,59,0
64,MSG,1723,1688419325,REQUEST,60,0
64,MSG,1724,1688419325,REQUEST,61,0
64,MSG,1725,1688419325,REQUEST,62,0
64,MSG,1726,1688419325,REQUEST,63,0
64,MSG,1727,1688419325,REQUEST,64,0
64,CS_REQUESTED,1728,1688419325,,,
19,CS_ACCESS,1729,1688419328,,,
40,MSG,1730,1688419328,REQUEST,8,0
40,MSG,1731,1688419328,REQUEST,16,0
40,MSG,1732,1688419328,REQUEST,24,0
40,MSG,1733,1688419328,REQUEST,32,0
40,MSG,1734,1688419328,REQUEST,33,0
40,MSG,1735,1688419328,REQUEST,34,0
40,MSG,1736,1688419328,REQUEST,35,0
40,MSG,1737,1688419328,REQUEST,36,0
40,MSG,1738,1688419328,REQUEST,37,0
40,MSG,1739,1688419328,REQUEST,38,0
40,MSG,1740,1688419328,REQUEST,39,0
40,MSG,1741,1688419328,REQUEST,40,0
40,MSG,1742,1688419328,REQUEST,48,0
40,MSG,1743,1688419328,REQUEST,56,0
40,MSG,1744,1688419328,REQUEST,64,0
40,CS_REQUESTED,1745,1688419328,,,
63,MSG,1746,1688419330,REQUEST,7,0
63,MSG,1747,1688419330,REQUEST,15,0
63,MSG,1748,1688419330,REQUEST,23,0
63,MSG,1749,1688419330,REQUEST,31,0
63,MSG,1750,1688419330,REQUEST,39,0
63,MSG,1751,1688419330,REQUEST,47,0
63,MSG,1752,1688419330,REQUEST,55,0
63,MSG,1753,1688419330,REQUEST,57,0
63,MSG,1754,1688419330,REQUEST,58,0
63,MSG,1755,1688419330,REQUEST,59,0
63,MSG,1756,1688419330,REQUEST,60,0
63,MSG,1757,1688419330,REQUEST,61,0
63,MSG,1758,1688419330,REQUEST,62,0
63,MSG,1759,1688419330,REQUEST,63,0
63,MSG,1760,1688419330,REQUEST,64,0
63,CS_REQUESTED,1761,1688419330,,,
19,MSG,1762,1688419330,RELEASE,3,0
19,MSG,1763,1688419330,RELEASE,11,0
19,MSG,1764,1688419330,RELEASE,17,0
19,MSG,1765,1688419330,RELEASE,18,0
19,MSG,1766,1688419330,RELEASE,19,0
19,MSG,1767,1688419330,RELEASE,20,0
19,MSG,1768,1688419330,RELEASE,21,0
19,MSG,1769,1688419330,RELEASE,22,0
19,MSG,1770,1688419330,RELEASE,23,0
19,MSG,1771,1688419330,RELEASE,24,0
19,MSG,1772,1688419330,RELEASE,27,0
19,MSG,1773,1688419330,RELEASE,35,0
19,MSG,1774,1688419330,RELEASE,43,0
19,MSG,1775,1688419330,RELEASE,51,0
19,MSG,1776,1688419330,RELEASE,59,0
19,CS_LEAVE,1777,1688419330,,,
27,MSG,1778,1688419330,ACK,59,0
22,MSG,1779,1688419330,ACK,14,0
17,MSG,1780,1688419331,ACK,23,0
21,MSG,1781,1688419331,ACK,37,0
43,MSG,1782,1688419331,ACK,48,0
3,MSG,1783,1688419331,ACK,2,0
20,MSG,1784,1688419331,ACK,23,0
11,MSG,1785,1688419331,ACK,14,0
35,MSG,1786,1688419331,ACK,37,0
24,MSG,1787,1688419331,ACK,48,0
51,MSG,1788,1688419331,ACK,50,0
18,MSG,1789,1688419331,ACK,50,0
19,MSG,1790,1688419331,ACK,23,0
23,MSG,1791,1688419331,ACK,23,0
59,MSG,1792,1688419332,ACK,61,0
37,CS_ACCESS,1793,1688419334,,,
5,MSG,1794,1688419334,REQUEST,1,0
5,MSG,1795,1688419334,REQUEST,2,0
5,MSG,1796,1688419334,REQUEST,3,0
5,MSG,1797,1688419334,REQUEST,4,0
5,MSG,1798,1688419334,REQUEST,5,0
5,MSG,1799,1688419334,REQUEST,6,0
5,MSG,1800,1688419334,REQUEST,7,0
5,MSG,1801,1688419334,REQUEST,8,0
5,MSG,1802,1688419334,REQUEST,13,0
5,MSG,1803,1688419334,REQUEST,21,0
5,MSG,1804,1688419334,REQUEST,29,0
5,MSG,1805,1688419334,REQUEST,37,0
5,MSG,1806,1688419334,REQUEST,45,0
5,MSG,1807,1688419334,REQUEST,53,0
5,MSG,1808,1688419334,REQUEST,61,0
5,CS_REQUESTED,1809,1688419334,,,
37,MSG,1810,1688419336,RELEASE,5,0
37,MSG,1811,1688419336,RELEASE,13,0
37,MSG,1812,1688419336,RELEASE,21,0
37,MSG,1813,1688419336,RELEASE,29,0
37,MSG,1814,1688419336,RELEASE,33,0
37,MSG,1815,1688419336,RELEASE,34,0
37,MSG,1816,1688419336,RELEASE,35,0
37,MSG,1817,1688419336,RELEASE,36,0
37,MSG,1818,1688419336,RELEASE,37,0
37,MSG,1819,1688419336,RELEASE,38,0
37,MSG,1820,1688419336,RELEASE,39,0
37,MSG,1821,1688419336,RELEASE,40,0
37,MSG,1822,1688419336,RELEASE,45,0
37,MSG,1823,1688419336,RELEASE,53,0
37,MSG,1824,1688419336,RELEASE,61,0
37,CS_LEAVE,1825,1688419336,,,
39,MSG,1826,1688419336,ACK,23,0
21,MSG,1827,1688419336,ACK,61,0
33,MSG,1828,1688419336,ACK,35,0
29,MSG,1829,1688419336,ACK,61,0
36,MSG,1830,1688419336,ACK,35,0
35,MSG,1831,1688419336,ACK,59,0
61,MSG,1832,1688419336,ACK,61,0
5,MSG,1833,1688419336,ACK,61,0
45,MSG,1834,1688419336,ACK,48,0
40,MSG,1835,1688419336,ACK,48,0
34,MSG,1836,1688419336,ACK,50,0
53,MSG,1837,1688419336,ACK,61,0
38,MSG,1838,1688419336,ACK,14,0
13,MSG,1839,1688419336,ACK,14,0
37,MSG,1840,1688419337,ACK,61,0
14,CS_ACCESS,1841,1688419339,,,
14,MSG,1842,1688419341,RELEASE,6,0
14,MSG,1843,1688419341,RELEASE,9,0
14,MSG,1844,1688419341,RELEASE,10,0
14,MSG,1845,1688419341,RELEASE,11,0
14,MSG,1846,1688419341,RELEASE,12,0
14,MSG,1847,1688419341,RELEASE,13,0
14,MSG,1848,1688419341,RELEASE,14,0
14,MSG,1849,1688419341,RELEASE,15,0
14,MSG,1850,1688419341,RELEASE,16,0
14,MSG,1851,1688419341,RELEASE,22,0
14,MSG,1852,1688419341,RELEASE,30,0
14,MSG,1853,1688419341,RELEASE,38,0
14,MSG,1854,1688419341,RELEASE,46,0
14,MSG,1855,1688419341,RELEASE,54,0
14,MSG,1856,1688419341,RELEASE,62,0
14,CS_LEAVE,1857,1688419341,,,
12,MSG,1858,1688419341,ACK,15,0
9,MSG,1859,1688419341,ACK,15,0
11,MSG,1860,1688419341,ACK,59,0
15,MSG,1861,1688419341,ACK,23,0
54,MSG,1862,1688419341,ACK,50,0
10,MSG,1863,1688419341,ACK,50,0
38,MSG,1864,1688419341,ACK,35,0
62,MSG,1865,1688419341,ACK,61,0
13,MSG,1866,1688419341,ACK,61,0
22,MSG,1867,1688419341,ACK,23,0
16,MSG,1868,1688419341,ACK,48,0
46,MSG,1869,1688419342,ACK,48,0
30,MSG,1870,1688419342,ACK,54,0
6,MSG,1871,1688419342,ACK,2,0
14,MSG,1872,1688419342,ACK,15,0
18,MSG,1873,1688419344,REQUEST,2,0
18,MSG,1874,1688419344,REQUEST,10,0
18,MSG,1875,1688419344,REQUEST,17,0
18,MSG,1876,1688419344,REQUEST,18,0
18,MSG,1877,1688419344,REQUEST,19,0
18,MSG,1878,1688419344,REQUEST,20,0
18,MSG,1879,1688419344,REQUEST,21,0
18,MSG,1880,1688419344,REQUEST,22,0
18,MSG,1881,1688419344,REQUEST,23,0
18,MSG,1882,1688419344,REQUEST,24,0
18,MSG,1883,1688419344,REQUEST,26,0
18,MSG,1884,1688419344,REQUEST,34,0
18,MSG,1885,1688419344,REQUEST,42,0
18,MSG,1886,1688419344,REQUEST,50,0
18,MSG,1887,1688419344,REQUEST,58,0
18,CS_REQUESTED,1888,1688419344,,,
48,CS_ACCESS,1889,1688419344,,,
45,MSG,1890,1688419345,REQUEST,5,0
45,MSG,1891,1688419345,REQUEST,13,0
45,MSG,1892,1688419345,REQUEST,21,0
45,MSG,1893,1688419345,REQUEST,29,0
45,MSG,1894,1688419345,REQUEST,37,0
45,MSG,1895,1688419345,REQUEST,41,0
45,MSG,1896,1688419345,REQUEST,42,0
45,MSG,1897,1688419345,REQUEST,43,0
45,MSG,1898,1688419345,REQUEST,44,0
45,MSG,1899,1688419345,REQUEST,45,0
45,MSG,1900,1688419345,REQUEST,46,0
45,MSG,1901,1688419345,REQUEST,47,0
45,MSG,1902,1688419345,REQUEST,48,0
45,MSG,1903,1688419345,REQUEST,53,0
45,MSG,1904,1688419345,REQUEST,61,0
45,CS_REQUESTED,1905,1688419345,,,
48,MSG,1906,1688419346,RELEASE,8,0
48,MSG,1907,1688419346,RELEASE,16,0
48,MSG,1908,1688419346,RELEASE,24,0
48,MSG,1909,1688419346,RELEASE,32,0
48,MSG,1910,1688419346,RELEASE,40,0
48,MSG,1911,1688419346,RELEASE,41,0
48,MSG,1912,1688419346,RELEASE,42,0
48,MSG,1913,1688419346,RELEASE,43,0
48,MSG,1914,1688419346,RELEASE,44,0
48,MSG,1915,1688419346,RELEASE,45,0
48,MSG,1916,1688419346,RELEASE,46,0
48,MSG,1917,1688419346,RELEASE,47,0
48,MSG,1918,1688419346,RELEASE,48,0
48,MSG,1919,1688419346,RELEASE,56,0
48,MSG,1920,1688419346,RELEASE,64,0
48,CS_LEAVE,1921,1688419346,,,
64,MSG,1922,1688419346,ACK,61,0
44,MSG,1923,1688419346,ACK,28,0
41,MSG,1924,1688419346,ACK,44,0
16,MSG,1925,1688419346,ACK,15,0
46,MSG,1926,1688419347,ACK,54,0
42,MSG,1927,1688419347,ACK,50,0
43,MSG,1928,1688419347,ACK,59,0
56,MSG,1929,1688419347,ACK,50,0
32,MSG,1930,1688419347,ACK,28,0
47,MSG,1931,1688419347,ACK,23,0
8,MSG,1932,1688419347,ACK,2,0
24,MSG,1933,1688419347,ACK,23,0
45,MSG,1934,1688419347,ACK,61,0
40,MSG,1935,1688419347,ACK,35,0
48,MSG,1936,1688419347,ACK,44,0
61,CS_ACCESS,1937,1688419349,,,
61,MSG,1938,1688419351,RELEASE,5,0
61,MSG,1939,1688419351,RELEASE,13,0
61,MSG,1940,1688419351,RELEASE,21,0
61,MSG,1941,1688419351,RELEASE,29,0
61,MSG,1942,1688419351,RELEASE,37,0
61,MSG,1943,1688419351,RELEASE,45,0
61,MSG,1944,1688419351,RELEASE,53,0
61,MSG,1945,1688419351,RELEASE,57,0
61,MSG,1946,1688419351,RELEASE,58,0
61,MSG,1947,1688419351,RELEASE,59,0
61,MSG,1948,1688419351,RELEASE,60,0
61,MSG,1949,1688419351,RELEASE,61,0
61,MSG,1950,1688419351,RELEASE,62,0
61,MSG,1951,1688419351,RELEASE,63,0
61,MSG,1952,1688419351,RELEASE,64,0
61,CS_LEAVE,1953,1688419351,,,
5,MSG,1954,1688419351,ACK,2,0
45,MSG,1955,1688419351,ACK,21,0
57,MSG,1956,1688419351,ACK,58,0
53,MSG,1957,1688419351,ACK,50,0
64,MSG,1958,1688419351,ACK,58,0
62,MSG,1959,1688419351,ACK,58,0
13,MSG,1960,1688419351,ACK,21,0
58,MSG,1961,1688419352,ACK,50,0
37,MSG,1962,1688419352,ACK,35,0
21,MSG,1963,1688419352,ACK,23,0
29,MSG,1964,1688419352,ACK,21,0
59,MSG,1965,1688419352,ACK,58,0
63,MSG,1966,1688419352,ACK,58,0
60,MSG,1967,1688419352,ACK,58,0
61,MSG,1968,1688419352,ACK,58,0
50,CS_ACCESS,1969,1688419354,,,
36,MSG,1970,1688419356,REQUEST,4,0
36,MSG,1971,1688419356,REQUEST,12,0
36,MSG,1972,1688419356,REQUEST,20,0
36,MSG,1973,1688419356,REQUEST,28,0
36,MSG,1974,1688419356,REQUEST,33,0
36,MSG,1975,1688419356,REQUEST,34,0
36,MSG,1976,1688419356,REQUEST,35,0
36,MSG,1977,1688419356,REQUEST,36,0
36,MSG,1978,1688419356,REQUEST,37,0
36,MSG,1979,1688419356,REQUEST,38,0
36,MSG,1980,1688419356,REQUEST,39,0
36,MSG,1981,1688419356,REQUEST,40,0
36,MSG,1982,1688419356,REQUEST,44,0
36,MSG,1983,1688419356,REQUEST,52,0
36,MSG,1984,1688419356,REQUEST,60,0
36,CS_REQUESTED,1985,1688419356,,,
50,MSG,1986,1688419356,RELEASE,2,0
50,MSG,1987,1688419356,RELEASE,10,0
50,MSG,1988,1688419356,RELEASE,18,0
50,MSG,1989,1688419356,RELEASE,26,0
50,MSG,1990,1688419356,RELEASE,34,0
50,MSG,1991,1688419356,RELEASE,42,0
50,MSG,1992,1688419356,RELEASE,49,0
50,MSG,1993,1688419356,RELEASE,50,0
50,MSG,1994,1688419356,RELEASE,51,0
50,MSG,1995,1688419356,RELEASE,52,0
50,MSG,1996,1688419356,RELEASE,53,0
50,MSG,1997,1688419356,RELEASE,54,0
50,MSG,1998,1688419356,RELEASE,55,0
50,MSG,1999,1688419356,RELEASE,56,0
50,MSG,2000,1688419356,RELEASE,58,0
50,CS_LEAVE,2001,1688419356,,,
26,MSG,2002,1688419356,ACK,58,0
2,MSG,2003,1688419356,ACK,58,0
53,MSG,2004,1688419356,ACK,55,0
55,MSG,2005,1688419357,ACK,23,0
42,MSG,2006,1688419357,ACK,58,0
56,MSG,2007,1688419357,ACK,55,0
54,MSG,2008,1688419357,ACK,55,0
18,MSG,2009,1688419357,ACK,58,0
51,MSG,2010,1688419357,ACK,59,0
10,MSG,2011,1688419357,ACK,58,0
49,MSG,2012,1688419357,ACK,55,0
50,MSG,2013,1688419357,ACK,58,0
34,MSG,2014,1688419357,ACK,58,0
52,MSG,2015,1688419357,ACK,55,0
58,MSG,2016,1688419360,ACK,58,0
14,MSG,2017,1688419361,REQUEST,6,0
14,MSG,2018,1688419361,REQUEST,9,0
14,MSG,2019,1688419361,REQUEST,10,0
14,MSG,2020,1688419361,REQUEST,11,0
14,MSG,2021,1688419361,REQUEST,12,0
14,MSG,2022,1688419361,REQUEST,13,0
14,MSG,2023,1688419361,REQUEST,14,0
14,MSG,2024,1688419361,REQUEST,15,0
14,MSG,2025,1688419361,REQUEST,16,0
14,MSG,2026,1688419361,REQUEST,22,0
14,MSG,2027,1688419361,REQUEST,30,0
14,MSG,2028,1688419361,REQUEST,38,0
14,MSG,2029,1688419361,REQUEST,46,0
14,MSG,2030,1688419361,REQUEST,54,0
14,MSG,2031,1688419361,REQUEST,62,0
14,CS_REQUESTED,2032,1688419361,,,
62,MSG,2033,1688419363,REQUEST,6,0
62,MSG,2034,1688419363,REQUEST,14,0
62,MSG,2035,1688419363,REQUEST,22,0
62,MSG,2036,1688419363,REQUEST,30,0
62,MSG,2037,1688419363,REQUEST,38,0
62,MSG,2038,1688419363,REQUEST,46,0
62,MSG,2039,1688419363,REQUEST,54,0
62,MSG,2040,1688419363,REQUEST,57,0
62,MSG,2041,1688419363,REQUEST,58,0
62,MSG,2042,1688419363,REQUEST,59,0
62,MSG,2043,1688419363,REQUEST,60,0
62,MSG,2044,1688419363,REQUEST,61,0
62,MSG,2045,1688419363,REQUEST,62,0
62,MSG,2046,1688419363,REQUEST,63,0
62,MSG,2047,1688419363,REQUEST,64,0
62,CS_REQUESTED,2048,1688419363,,,
47,MSG,2049,1688419367,REQUEST,7,0
47,MSG,2050,1688419367,REQUEST,15,0
47,MSG,2051,1688419367,REQUEST,23,0
47,MSG,2052,1688419367,REQUEST,31,0
47,MSG,2053,1688419367,REQUEST,39,0
47,MSG,2054,1688419367,REQUEST,41,0
47,MSG,2055,1688419367,REQUEST,42,0
47,MSG,2056,1688419367,REQUEST,43,0
47,MSG,2057,1688419367,REQUEST,44,0
47,MSG,2058,1688419367,REQUEST,45,0
47,MSG,2059,1688419367,REQUEST,46,0
47,MSG,2060,1688419367,REQUEST,47,0
47,MSG,2061,1688419367,REQUEST,48,0
47,MSG,2062,1688419367,REQUEST,55,0
47,MSG,2063,1688419367,REQUEST,63,0
47,CS_REQUESTED,2064,1688419367,,,
58,CS_ACCESS,2065,1688419369,,,
58,MSG,2066,1688419371,RELEASE,2,0
58,MSG,2067,1688419371,RELEASE,10,0
58,MSG,2068,1688419371,RELEASE,18,0
58,MSG,2069,1688419371,RELEASE,26,0
58,MSG,2070,1688419371,RELEASE,34,0
58,MSG,2071,1688419371,RELEASE,42,0
58,MSG,2072,1688419371,RELEASE,50,0
58,MSG,2073,1688419371,RELEASE,57,0
58,MSG,2074,1688419371,RELEASE,58,0
58,MSG,2075,1688419371,RELEASE,59,0
58,MSG,2076,1688419371,RELEASE,60,0
58,MSG,2077,1688419371,RELEASE,61,0
58,MSG,2078,1688419371,RELEASE,62,0
58,MSG,2079,1688419371,RELEASE,63,0
58,MSG,2080,1688419371,RELEASE,64,0
58,CS_LEAVE,2081,1688419371,,,
42,MSG,2082,1688419371,ACK,2,0
59,MSG,2083,1688419371,ACK,59,0
63,MSG,2084,1688419371,ACK,23,0
18,MSG,2085,1688419371,ACK,2,0
60,MSG,2086,1688419371,ACK,59,0
10,MSG,2087,1688419371,ACK,2,0
61,MSG,2088,1688419371,ACK,59,0
50,MSG,2089,1688419371,ACK,2,0
26,MSG,2090,1688419371,ACK,2,0
2,MSG,2091,1688419371,ACK,2,0
34,MSG,2092,1688419371,ACK,2,0
57,MSG,2093,1688419371,ACK,59,0
64,MSG,2094,1688419371,ACK,59,0
62,MSG,2095,1688419371,ACK,59,0
58,MSG,2096,1688419372,ACK,2,0
31,MSG,2097,1688419372,REQUEST,7,0
31,MSG,2098,1688419372,REQUEST,15,0
31,MSG,2099,1688419372,REQUEST,23,0
31,MSG,2100,1688419372,REQUEST,25,0
31,MSG,2101,1688419372,REQUEST,26,0
31,MSG,2102,1688419372,REQUEST,27,0
31,MSG,2103,1688419372,REQUEST,28,0
31,MSG,2104,1688419372,REQUEST,29,0
31,MSG,2105,1688419372,REQUEST,30,0
31,MSG,2106,1688419372,REQUEST,31,0
31,MSG,2107,1688419372,REQUEST,32,0
31,MSG,2108,1688419372,REQUEST,39,0
31,MSG,2109,1688419372,REQUEST,47,0
31,MSG,2110,1688419372,REQUEST,55,0
31,MSG,2111,1688419372,REQUEST,63,0
31,CS_REQUESTED,2112,1688419372,,,
58,MSG,2113,1688419375,REQUEST,2,0
58,MSG,2114,1688419375,REQUEST,10,0
58,MSG,2115,1688419375,REQUEST,18,0
58,MSG,2116,1688419375,REQUEST,26,0
58,MSG,2117,1688419375,REQUEST,34,0
58,MSG,2118,1688419375,REQUEST,42,0
58,MSG,2119,1688419375,REQUEST,50,0
58,MSG,2120,1688419375,REQUEST,57,0
58,MSG,2121,1688419375,REQUEST,58,0
58,MSG,2122,1688419375,REQUEST,59,0
58,MSG,2123,1688419375,REQUEST,60,0
58,MSG,2124,1688419375,REQUEST,61,0
58,MSG,2125,1688419375,REQUEST,62,0
58,MSG,2126,1688419375,REQUEST,63,0
58,MSG,2127,1688419375,REQUEST,64,0
58,CS_REQUESTED,2128,1688419375,,,
52,MSG,2129,1688419377,REQUEST,4,0
52,MSG,2130,1688419377,REQUEST,12,0
52,MSG,2131,1688419377,REQUEST,20,0
52,MSG,2132,1688419377,REQUEST,28,0
52,MSG,2133,1688419377,REQUEST,36,0
52,MSG,2134,1688419377,REQUEST,44,0
52,MSG,2135,1688419377,REQUEST,49,0
52,MSG,2136,1688419377,REQUEST,50,0
52,MSG,2137,1688419377,REQUEST,51,0
52,MSG,2138,1688419377,REQUEST,52,0
52,MSG,2139,1688419377,REQUEST,53,0
52,MSG,2140,1688419377,REQUEST,54,0
52,MSG,2141,1688419377,REQUEST,55,0
52,MSG,2142,1688419377,REQUEST,56,0
52,MSG,2143,1688419377,REQUEST,60,0
52,CS_REQUESTED,2144,1688419377,,,
41,MSG,2145,1688419378,REQUEST,1,0
41,MSG,2146,1688419378,REQUEST,9,0
41,MSG,2147,1688419378,REQUEST,17,0
41,MSG,2148,1688419378,REQUEST,25,0
41,MSG,2149,1688419378,REQUEST,33,0
41,MSG,2150,1688419378,REQUEST,41,0
41,MSG,2151,1688419378,REQUEST,42,0
41,MSG,2152,1688419378,REQUEST,43,0
41,MSG,2153,1688419378,REQUEST,44,0
41,MSG,2154,1688419378,REQUEST,45,0
41,MSG,2155,1688419378,REQUEST,46,0
41,MSG,2156,1688419378,REQUEST,47,0
41,MSG,2157,1688419378,REQUEST,48,0
41,MSG,2158,1688419378,REQUEST,49,0
41,MSG,2159,1688419378,REQUEST,57,0
41,CS_REQUESTED,2160,1688419378,,,
53,MSG,2161,1688419379,REQUEST,5,0
53,MSG,2162,1688419379,REQUEST,13,0
53,MSG,2163,1688419379,REQUEST,21,0
53,MSG,2164,1688419379,REQUEST,29,0
53,MSG,2165,1688419379,REQUEST,37,0
53,MSG,2166,1688419379,REQUEST,45,0
53,MSG,2167,1688419379,REQUEST,49,0
53,MSG,2168,1688419379,REQUEST,50,0
53,MSG,2169,1688419379,REQUEST,51,0
53,MSG,2170,1688419379,REQUEST,52,0
53,MSG,2171,1688419379,REQUEST,53,0
53,MSG,2172,1688419379,REQUEST,54,0
53,MSG,2173,1688419379,REQUEST,55,0
53,MSG,2174,1688419379,REQUEST,56,0
53,MSG,2175,1688419379,REQUEST,61,0
53,CS_REQUESTED,2176,1688419379,,,
2,CS_ACCESS,2177,1688419380,,,
2,MSG,2178,1688419382,RELEASE,1,0
2,MSG,2179,1688419382,RELEASE,2,0
2,MSG,2180,1688419382,RELEASE,3,0
2,MSG,2181,1688419382,RELEASE,4,0
2,MSG,2182,1688419382,RELEASE,5,0
2,MSG,2183,1688419382,RELEASE,6,0
2,MSG,2184,1688419382,RELEASE,7,0
2,MSG,2185,1688419382,RELEASE,8,0
2,MSG,2186,1688419382,RELEASE,10,0
2,MSG,2187,1688419382,RELEASE,18,0
2,MSG,2188,1688419382,RELEASE,26,0
2,MSG,2189,1688419382,RELEASE,34,0
2,MSG,2190,1688419382,RELEASE,42,0
2,MSG,2191,1688419382,RELEASE,50,0
2,MSG,2192,1688419382,RELEASE,58,0
2,CS_LEAVE,2193,1688419382,,,
34,MSG,2194,1688419382,ACK,35,0
58,MSG,2195,1688419383,ACK,59,0
6,MSG,2196,1688419383,ACK,3,0
42,MSG,2197,1688419383,ACK,44,0
3,MSG,2198,1688419383,ACK,59,0
7,MSG,2199,1688419383,ACK,23,0
8,MSG,2200,1688419383,ACK,3,0
18,MSG,2201,1688419383,ACK,23,0
10,MSG,2202,1688419383,ACK,15,0
1,MSG,2203,1688419383,ACK,3,0
4,MSG,2204,1688419383,ACK,3,0
50,MSG,2205,1688419383,ACK,55,0
5,MSG,2206,1688419383,ACK,3,0
26,MSG,2207,1688419383,ACK,28,0
2,MSG,2208,1688419383,ACK,3,0
27,MSG,2209,1688419384,REQUEST,3,0
27,MSG,2210,1688419384,REQUEST,11,0
27,MSG,2211,1688419384,REQUEST,19,0
27,MSG,2212,1688419384,REQUEST,25,0
27,MSG,2213,1688419384,REQUEST,26,0
27,MSG,2214,1688419384,REQUEST,27,0
27,MSG,2215,1688419384,REQUEST,28,0
27,MSG,2216,1688419384,REQUEST,29,0
27,MSG,2217,1688419384,REQUEST,30,0
27,MSG,2218,1688419384,REQUEST,31,0
27,MSG,2219,1688419384,REQUEST,32,0
27,MSG,2220,1688419384,REQUEST,35,0
27,MSG,2221,1688419384,REQUEST,43,0
27,MSG,2222,1688419384,REQUEST,51,0
27,MSG,2223,1688419384,REQUEST,59,0
27,CS_REQUESTED,2224,1688419384,,,
23,CS_ACCESS,2225,1688419385,,,
23,MSG,2226,1688419387,RELEASE,7,0
23,MSG,2227,1688419387,RELEASE,15,0
23,MSG,2228,1688419387,RELEASE,17,0
23,MSG,2229,1688419387,RELEASE,18,0
23,MSG,2230,1688419387,RELEASE,19,0
23,MSG,2231,1688419387,RELEASE,20,0
23,MSG,2232,1688419387,RELEASE,21,0
23,MSG,2233,1688419387,RELEASE,22,0
23,MSG,2234,1688419387,RELEASE,23,0
23,MSG,2235,1688419387,RELEASE,24,0
23,MSG,2236,1688419387,RELEASE,31,0
23,MSG,2237,1688419387,RELEASE,39,0
23,MSG,2238,1688419387,RELEASE,47,0
23,MSG,2239,1688419387,RELEASE,55,0
23,MSG,2240,1688419387,RELEASE,63,0
23,CS_LEAVE,2241,1688419387,,,
31,MSG,2242,1688419387,ACK,55,0
22,MSG,2243,1688419387,ACK,21,0
55,MSG,2244,1688419388,ACK,55,0
17,MSG,2245,1688419388,ACK,21,0
39,MSG,2246,1688419388,ACK,35,0
21,MSG,2247,1688419388,ACK,21,0
7,MSG,2248,1688419388,ACK,3,0
47,MSG,2249,1688419388,ACK,55,0
63,MSG,2250,1688419388,ACK,59,0
20,MSG,2251,1688419388,ACK,21,0
24,MSG,2252,1688419388,ACK,21,0
15,MSG,2253,1688419388,ACK,55,0
18,MSG,2254,1688419388,ACK,21,0
19,MSG,2255,1688419388,ACK,59,0
23,MSG,2256,1688419388,ACK,55,0
19,MSG,2257,1688419390,REQUEST,3,0
19,MSG,2258,1688419390,REQUEST,11,0
19,MSG,2259,1688419390,REQUEST,17,0
19,MSG,2260,1688419390,REQUEST,18,0
19,MSG,2261,1688419390,REQUEST,19,0
19,MSG,2262,1688419390,REQUEST,20,0
19,MSG,2263,1688419390,REQUEST,21,0
19,MSG,2264,1688419390,REQUEST,22,0
19,MSG,2265,1688419390,REQUEST,23,0
19,MSG,2266,1688419390,REQUEST,24,0
19,MSG,2267,1688419390,REQUEST,27,0
19,MSG,2268,1688419390,REQUEST,35,0
19,MSG,2269,1688419390,REQUEST,43,0
19,MSG,2270,1688419390,REQUEST,51,0
19,MSG,2271,1688419390,REQUEST,59,0
19,CS_REQUESTED,2272,1688419390,,,
59,CS_ACCESS,2273,1688419391,,,
59,MSG,2274,1688419393,RELEASE,3,0
59,MSG,2275,1688419393,RELEASE,11,0
59,MSG,2276,1688419393,RELEASE,19,0
59,MSG,2277,1688419393,RELEASE,27,0
59,MSG,2278,1688419393,RELEASE,35,0
59,MSG,2279,1688419393,RELEASE,43,0
59,MSG,2280,1688419393,RELEASE,51,0
59,MSG,2281,1688419393,RELEASE,57,0
59,MSG,2282,1688419393,RELEASE,58,0
59,MSG,2283,1688419393,RELEASE,59,0
59,MSG,2284,1688419393,RELEASE,60,0
59,MSG,2285,1688419393,RELEASE,61,0
59,MSG,2286,1688419393,RELEASE,62,0
59,MSG,2287,1688419393,RELEASE,63,0
59,MSG,2288,1688419393,RELEASE,64,0
59,CS_LEAVE,2289,1688419393,,,
63,MSG,2290,1688419393,ACK,55,0
11,MSG,2291,1688419393,ACK,3,0
35,MSG,2292,1688419393,ACK,3,0
60,MSG,2293,1688419393,ACK,28,0
51,MSG,2294,1688419393,ACK,3,0
19,MSG,2295,1688419393,ACK,3,0
61,MSG,2296,1688419393,ACK,21,0
57,MSG,2297,1688419393,ACK,1,0
27,MSG,2298,1688419393,ACK,3,0
64,MSG,2299,1688419393,ACK,32,0
62,MSG,2300,1688419393,ACK,54,0
58,MSG,2301,1688419394,ACK,10,0
43,MSG,2302,1688419394,ACK,3,0
3,MSG,2303,1688419394,ACK,3,0
59,MSG,2304,1688419394,ACK,3,0
4,MSG,2305,1688419400,REQUEST,1,0
4,MSG,2306,1688419400,REQUEST,2,0
4,MSG,2307,1688419400,REQUEST,3,0
4,MSG,2308,1688419400,REQUEST,4,0
4,MSG,2309,1688419400,REQUEST,5,0
4,MSG,2310,1688419400,REQUEST,6,0
4,MSG,2311,1688419400,REQUEST,7,0
4,MSG,2312,1688419400,REQUEST,8,0
4,MSG,2313,1688419400,REQUEST,12,0
4,MSG,2314,1688419400,REQUEST,20,0
4,MSG,2315,1688419400,REQUEST,28,0
4,MSG,2316,1688419400,REQUEST,36,0
4,MSG,2317,1688419400,REQUEST,44,0
4,MSG,2318,1688419400,REQUEST,52,0
4,MSG,2319,1688419400,REQUEST,60,0
4,CS_REQUESTED,2320,1688419400,,,
3,CS_ACCESS,2321,1688419403,,,
3,MSG,2322,1688419405,RELEASE,1,0
3,MSG,2323,1688419405,RELEASE,2,0
3,MSG,2324,1688419405,RELEASE,3,0
3,MSG,2325,1688419405,RELEASE,4,0
3,MSG,2326,1688419405,RELEASE,5,0
3,MSG,2327,1688419405,RELEASE,6,0
3,MSG,2328,1688419405,RELEASE,7,0
3,MSG,2329,1688419405,RELEASE,8,0
3,MSG,2330,1688419405,RELEASE,11,0
3,MSG,2331,1688419405,RELEASE,19,0
3,MSG,2332,1688419405,RELEASE,27,0
3,MSG,2333,1688419405,RELEASE,35,0
3,MSG,2334,1688419405,RELEASE,43,0
3,MSG,2335,1688419405,RELEASE,51,0
3,MSG,2336,1688419405,RELEASE,59,0
3,CS_LEAVE,2337,1688419405,,,
59,MSG,2338,1688419405,ACK,35,0
7,MSG,2339,1688419405,ACK,55,0
8,MSG,2340,1688419405,ACK,7,0
11,MSG,2341,1688419405,ACK,35,0
35,MSG,2342,1688419405,ACK,35,0
51,MSG,2343,1688419405,ACK,35,0
19,MSG,2344,1688419405,ACK,35,0
1,MSG,2345,1688419405,ACK,7,0
4,MSG,2346,1688419405,ACK,7,0
5,MSG,2347,1688419405,ACK,21,0
2,MSG,2348,1688419405,ACK,7,0
27,MSG,2349,1688419405,ACK,35,0
6,MSG,2350,1688419406,ACK,7,0
43,MSG,2351,1688419406,ACK,35,0
3,MSG,2352,1688419406,ACK,35,0
24,MSG,2353,1688419413,REQUEST,8,0
24,MSG,2354,1688419413,REQUEST,16,0
24,MSG,2355,1688419413,REQUEST,17,0
24,MSG,2356,1688419413,REQUEST,18,0
24,MSG,2357,1688419413,REQUEST,19,0
24,MSG,2358,1688419413,REQUEST,20,0
24,MSG,2359,1688419413,REQUEST,21,0
24,MSG,2360,1688419413,REQUEST,22,0
24,MSG,2361,1688419413,REQUEST,23,0
24,MSG,2362,1688419413,REQUEST,24,0
24,MSG,2363,1688419413,REQUEST,32,0
24,MSG,2364,1688419413,REQUEST,40,0
24,MSG,2365,1688419413,REQUEST,48,0
24,MSG,2366,1688419413,REQUEST,56,0
24,MSG,2367,1688419413,REQUEST,64,0
24,CS_REQUESTED,2368,1688419413,,,
35,CS_ACCESS,2369,1688419414,,,
35,MSG,2370,1688419416,RELEASE,3,0
35,MSG,2371,1688419416,RELEASE,11,0
35,MSG,2372,1688419416,RELEASE,19,0
35,MSG,2373,1688419416,RELEASE,27,0
35,MSG,2374,1688419416,RELEASE,33,0
35,MSG,2375,1688419416,RELEASE,34,0
35,MSG,2376,1688419416,RELEASE,35,0
35,MSG,2377,1688419416,RELEASE,36,0
35,MSG,2378,1688419416,RELEASE,37,0
35,MSG,2379,1688419416,RELEASE,38,0
35,MSG,2380,1688419416,RELEASE,39,0
35,MSG,2381,1688419416,RELEASE,40,0
35,MSG,2382,1688419416,RELEASE,43,0
35,MSG,2383,1688419416,RELEASE,51,0
35,MSG,2384,1688419416,RELEASE,59,0
35,CS_LEAVE,2385,1688419416,,,
51,MSG,2386,1688419416,ACK,55,0
19,MSG,2387,1688419416,ACK,21,0
40,MSG,2388,1688419416,ACK,32,0
34,MSG,2389,1688419416,ACK,10,0
27,MSG,2390,1688419416,ACK,28,0
38,MSG,2391,1688419416,ACK,54,0
37,MSG,2392,1688419417,ACK,21,0
39,MSG,2393,1688419417,ACK,55,0
33,MSG,2394,1688419417,ACK,1,0
43,MSG,2395,1688419417,ACK,44,0
3,MSG,2396,1688419417,ACK,7,0
59,MSG,2397,1688419417,ACK,43,0
36,MSG,2398,1688419417,ACK,28,0
11,MSG,2399,1688419417,ACK,15,0
35,MSG,2400,1688419417,ACK,43,0
48,MSG,2401,1688419418,REQUEST,8,0
48,MSG,2402,1688419418,REQUEST,16,0
48,MSG,2403,1688419418,REQUEST,24,0
48,MSG,2404,1688419418,REQUEST,32,0
48,MSG,2405,1688419418,REQUEST,40,0
48,MSG,2406,1688419418,REQUEST,41,0
48,MSG,2407,1688419418,REQUEST,42,0
48,MSG,2408,1688419418,REQUEST,43,0
48,MSG,2409,1688419418,REQUEST,44,0
48,MSG,2410,1688419418,REQUEST,45,0
48,MSG,2411,1688419418,REQUEST,46,0
48,MSG,2412,1688419418,REQUEST,47,0
48,MSG,2413,1688419418,REQUEST,48,0
48,MSG,2414,1688419418,REQUEST,56,0
48,MSG,2415,1688419418,REQUEST,64,0
48,CS_REQUESTED,2416,1688419418,,,
55,CS_ACCESS,2417,1688419419,,,
55,MSG,2418,1688419421,RELEASE,7,0
55,MSG,2419,1688419421,RELEASE,15,0
55,MSG,2420,1688419421,RELEASE,23,0
55,MSG,2421,1688419421,RELEASE,31,0
55,MSG,2422,1688419421,RELEASE,39,0
55,MSG,2423,1688419421,RELEASE,47,0
55,MSG,2424,1688419421,RELEASE,49,0
55,MSG,2425,1688419421,RELEASE,50,0
55,MSG,2426,1688419421,RELEASE,51,0
55,MSG,2427,1688419421,RELEASE,52,0
55,MSG,2428,1688419421,RELEASE,53,0
55,MSG,2429,1688419421,RELEASE,54,0
55,MSG,2430,1688419421,RELEASE,55,0
55,MSG,2431,1688419421,RELEASE,56,0
55,MSG,2432,1688419421,RELEASE,63,0
55,CS_LEAVE,2433,1688419421,,,
39,MSG,2434,1688419421,ACK,15,0
56,MSG,2435,1688419421,ACK,54,0
7,MSG,2436,1688419421,ACK,15,0
47,MSG,2437,1688419421,ACK,15,0
63,MSG,2438,1688419421,ACK,15,0
15,MSG,2439,1688419421,ACK,15,0
54,MSG,2440,1688419421,ACK,54,0
51,MSG,2441,1688419421,ACK,54,0
23,MSG,2442,1688419421,ACK,21,0
49,MSG,2443,1688419421,ACK,54,0
50,MSG,2444,1688419421,ACK,54,0
31,MSG,2445,1688419421,ACK,15,0
53,MSG,2446,1688419421,ACK,21,0
52,MSG,2447,1688419422,ACK,54,0
55,MSG,2448,1688419422,ACK,15,0
21,CS_ACCESS,2449,1688419424,,,
21,MSG,2450,1688419426,RELEASE,5,0
21,MSG,2451,1688419426,RELEASE,13,0
21,MSG,2452,1688419426,RELEASE,17,0
21,MSG,2453,1688419426,RELEASE,18,0
21,MSG,2454,1688419426,RELEASE,19,0
21,MSG,2455,1688419426,RELEASE,20,0
21,MSG,2456,1688419426,RELEASE,21,0
21,MSG,2457,1688419426,RELEASE,22,0
21,MSG,2458,1688419426,RELEASE,23,0
21,MSG,2459,1688419426,RELEASE,24,0
21,MSG,2460,1688419426,RELEASE,29,0
21,MSG,2461,1688419426,RELEASE,37,0
21,MSG,2462,1688419426,RELEASE,45,0
21,MSG,2463,1688419426,RELEASE,53,0
21,MSG,2464,1688419426,RELEASE,61,0
21,CS_LEAVE,2465,1688419426,,,
29,MSG,2466,1688419426,ACK,28,0
20,MSG,2467,1688419426,ACK,28,0
24,MSG,2468,1688419426,ACK,32,0
18,MSG,2469,1688419426,ACK,10,0
19,MSG,2470,1688419426,ACK,43,0
61,MSG,2471,1688419426,ACK,57,0
23,MSG,2472,1688419426,ACK,15,0
5,MSG,2473,1688419426,ACK,7,0
45,MSG,2474,1688419426,ACK,44,0
53,MSG,2475,1688419426,ACK,54,0
13,MSG,2476,1688419427,ACK,15,0
22,MSG,2477,1688419427,ACK,54,0
17,MSG,2478,1688419427,ACK,1,0
37,MSG,2479,1688419427,REQUEST,5,0
37,MSG,2480,1688419427,REQUEST,13,0
37,MSG,2481,1688419427,REQUEST,21,0
37,MSG,2482,1688419427,REQUEST,29,0
37,MSG,2483,1688419427,REQUEST,33,0
37,MSG,2484,1688419427,REQUEST,34,0
37,MSG,2485,1688419427,REQUEST,35,0
37,MSG,2486,1688419427,REQUEST,36,0
37,MSG,2487,1688419427,REQUEST,37,0
37,MSG,2488,1688419427,REQUEST,38,0
37,MSG,2489,1688419427,REQUEST,39,0
37,MSG,2490,1688419427,REQUEST,40,0
37,MSG,2491,1688419427,REQUEST,45,0
37,MSG,2492,1688419427,REQUEST,53,0
37,MSG,2493,1688419427,REQUEST,61,0
37,CS_REQUESTED,2494,1688419427,,,
37,MSG,2495,1688419427,ACK,34,0
21,MSG,2496,1688419427,ACK,29,0
55,MSG,2497,1688419430,REQUEST,7,0
55,MSG,2498,1688419430,REQUEST,15,0
55,MSG,2499,1688419430,REQUEST,23,0
55,MSG,2500,1688419430,REQUEST,31,0
55,MSG,2501,1688419430,REQUEST,39,0
55,MSG,2502,1688419430,REQUEST,47,0
55,MSG,2503,1688419430,REQUEST,49,0
55,MSG,2504,1688419430,REQUEST,50,0
55,MSG,2505,1688419430,REQUEST,51,0
55,MSG,2506,1688419430,REQUEST,52,0
55,MSG,2507,1688419430,REQUEST,53,0
55,MSG,2508,1688419430,REQUEST,54,0
55,MSG,2509,1688419430,REQUEST,55,0
55,MSG,2510,1688419430,REQUEST,56,0
55,MSG,2511,1688419430,REQUEST,63,0
55,CS_REQUESTED,2512,1688419430,,,
59,MSG,2513,1688419431,REQUEST,3,0
59,MSG,2514,1688419431,REQUEST,11,0
59,MSG,2515,1688419431,REQUEST,19,0
59,MSG,2516,1688419431,REQUEST,27,0
59,MSG,2517,1688419431,REQUEST,35,0
59,MSG,2518,1688419431,REQUEST,43,0
59,MSG,2519,1688419431,REQUEST,51,0
59,MSG,2520,1688419431,REQUEST,57,0
59,MSG,2521,1688419431,REQUEST,58,0
59,MSG,2522,1688419431,REQUEST,59,0
59,MSG,2523,1688419431,REQUEST,60,0
59,MSG,2524,1688419431,REQUEST,61,0
59,MSG,2525,1688419431,REQUEST,62,0
59,MSG,2526,1688419431,REQUEST,63,0
59,MSG,2527,1688419431,REQUEST,64,0
59,CS_REQUESTED,2528,1688419431,,,
15,CS_ACCESS,2529,1688419431,,,
15,MSG,2530,1688419433,RELEASE,7,0
15,MSG,2531,1688419433,RELEASE,9,0
15,MSG,2532,1688419433,RELEASE,10,0
15,MSG,2533,1688419433,RELEASE,11,0
15,MSG,2534,1688419433,RELEASE,12,0
15,MSG,2535,1688419433,RELEASE,13,0
15,MSG,2536,1688419433,RELEASE,14,0
15,MSG,2537,1688419433,RELEASE,15,0
15,MSG,2538,1688419433,RELEASE,16,0
15,MSG,2539,1688419433,RELEASE,23,0
15,MSG,2540,1688419433,RELEASE,31,0
15,MSG,2541,1688419433,RELEASE,39,0
15,MSG,2542,1688419433,RELEASE,47,0
15,MSG,2543,1688419433,RELEASE,55,0
15,MSG,2544,1688419433,RELEASE,63,0
15,CS_LEAVE,2545,1688419433,,,
10,MSG,2546,1688419433,ACK,10,0
23,MSG,2547,1688419433,ACK,7,0
31,MSG,2548,1688419433,ACK,7,0
13,MSG,2549,1688419434,ACK,10,0
16,MSG,2550,1688419434,ACK,10,0
55,MSG,2551,1688419434,ACK,7,0
39,MSG,2552,1688419434,ACK,7,0
14,MSG,2553,1688419434,ACK,54,0
12,MSG,2554,1688419434,ACK,28,0
47,MSG,2555,1688419434,ACK,7,0
7,MSG,2556,1688419434,ACK,7,0
63,MSG,2557,1688419434,ACK,7,0
9,MSG,2558,1688419434,ACK,10,0
11,MSG,2559,1688419434,ACK,10,0
15,MSG,2560,1688419434,ACK,7,0
30,MSG,2561,1688419437,REQUEST,6,0
30,MSG,2562,1688419437,REQUEST,14,0
30,MSG,2563,1688419437,REQUEST,22,0
30,MSG,2564,1688419437,REQUEST,25,0
30,MSG,2565,1688419437,REQUEST,26,0
30,MSG,2566,1688419437,REQUEST,27,0
30,MSG,2567,1688419437,REQUEST,28,0
30,MSG,2568,1688419437,REQUEST,29,0
30,MSG,2569,1688419437,REQUEST,30,0
30,MSG,2570,1688419437,REQUEST,31,0
30,MSG,2571,1688419437,REQUEST,32,0
30,MSG,2572,1688419437,REQUEST,38,0
30,MSG,2573,1688419437,REQUEST,46,0
30,MSG,2574,1688419437,REQUEST,54,0
30,MSG,2575,1688419437,REQUEST,62,0
30,CS_REQUESTED,2576,1688419437,,,
7,CS_ACCESS,2577,1688419443,,,
7,MSG,2578,1688419445,RELEASE,1,0
7,MSG,2579,1688419445,RELEASE,2,0
7,MSG,2580,1688419445,RELEASE,3,0
7,MSG,2581,1688419445,RELEASE,4,0
7,MSG,2582,1688419445,RELEASE,5,0
7,MSG,2583,1688419445,RELEASE,6,0
7,MSG,2584,1688419445,RELEASE,7,0
7,MSG,2585,1688419445,RELEASE,8,0
7,MSG,2586,1688419445,RELEASE,15,0
7,MSG,2587,1688419445,RELEASE,23,0
7,MSG,2588,1688419445,RELEASE,31,0
7,MSG,2589,1688419445,RELEASE,39,0
7,MSG,2590,1688419445,RELEASE,47,0
7,MSG,2591,1688419445,RELEASE,55,0
7,MSG,2592,1688419445,RELEASE,63,0
7,CS_LEAVE,2593,1688419445,,,
63,MSG,2594,1688419445,ACK,39,0
8,MSG,2595,1688419445,ACK,32,0
15,MSG,2596,1688419445,ACK,10,0
23,MSG,2597,1688419445,ACK,39,0
1,MSG,2598,1688419445,ACK,1,0
4,MSG,2599,1688419445,ACK,28,0
5,MSG,2600,1688419445,ACK,1,0
2,MSG,2601,1688419445,ACK,10,0
31,MSG,2602,1688419445,ACK,28,0
55,MSG,2603,1688419446,ACK,54,0
6,MSG,2604,1688419446,ACK,54,0
39,MSG,2605,1688419446,ACK,34,0
3,MSG,2606,1688419446,ACK,43,0
47,MSG,2607,1688419446,ACK,44,0
7,MSG,2608,1688419446,ACK,1,0
54,CS_ACCESS,2609,1688419448,,,
17,PROC_STOPPED,2610,1688419449,,,
6,PROC_STOPPED,2611,1688419449,,,
37,PROC_STOPPED,2612,1688419449,,,
39,PROC_STOPPED,2613,1688419449,,,
42,PROC_STOPPED,2614,1688419449,,,
21,PROC_STOPPED,2615,1688419449,,,
14,PROC_STOPPED,2616,1688419449,,,
43,PROC_STOPPED,2617,1688419449,,,
33,PROC_STOPPED,2618,1688419449,,,
56,PROC_STOPPED,2619,1688419449,,,
12,PROC_STOPPED,2620,1688419449,,,
3,PROC_STOPPED,2621,1688419449,,,
29,PROC_STOPPED,2622,1688419449,,,
32,PROC_STOPPED,2623,1688419449,,,
59,PROC_STOPPED,2624,1688419449,,,
47,PROC_STOPPED,2625,1688419449,,,
7,PROC_STOPPED,2626,1688419449,,,
63,PROC_STOPPED,2627,1688419449,,,
9,PROC_STOPPED,2628,1688419449,,,
20,PROC_STOPPED,2629,1688419449,,,
36,PROC_STOPPED,2630,1688419449,,,
11,PROC_STOPPED,2631,1688419449,,,
8,PROC_STOPPED,2632,1688419449,,,
35,PROC_STOPPED,2633,1688419449,,,
24,PROC_STOPPED,2634,1688419449,,,
15,PROC_STOPPED,2635,1688419449,,,
54,PROC_STOPPED,2636,1688419449,,,
18,PROC_STOPPED,2637,1688419449,,,
60,PROC_STOPPED,2638,1688419449,,,
51,PROC_STOPPED,2639,1688419449,,,
19,PROC_STOPPED,2640,1688419449,,,
10,PROC_STOPPED,2641,1688419449,,,
61,PROC_STOPPED,2642,1688419449,,,
23,PROC_STOPPED,2643,1688419449,,,
25,PROC_STOPPED,2644,1688419449,,,
1,PROC_STOPPED,2645,1688419449,,,
4,PROC_STOPPED,2646,1688419449,,,
49,PROC_STOPPED,2647,1688419449,,,
50,PROC_STOPPED,2648,1688419449,,,
5,PROC_STOPPED,2649,1688419449,,,
26,PROC_STOPPED,2650,1688419449,,,
40,PROC_STOPPED,2651,1688419449,,,
45,PROC_STOPPED,2652,1688419449,,,
2,PROC_STOPPED,2653,1688419449,,,
34,PROC_STOPPED,2654,1688419449,,,
57,PROC_STOPPED,2655,1688419449,,,
48,PROC_STOPPED,2656,1688419449,,,
27,PROC_STOPPED,2657,1688419449,,,
31,PROC_STOPPED,2658,1688419449,,,
53,PROC_STOPPED,2659,1688419450,,,
44,PROC_STOPPED,2660,1688419450,,,
64,PROC_STOPPED,2661,1688419450,,,
38,PROC_STOPPED,2662,1688419450,,,
28,PROC_STOPPED,2663,1688419450,,,
52,PROC_STOPPED,2664,1688419450,,,
13,PROC_STOPPED,2665,1688419450,,,
62,PROC_STOPPED,2666,1688419450,,,
22,PROC_STOPPED,2667,1688419450,,,
16,PROC_STOPPED,2668,1688419450,,,
58,PROC_STOPPED,2669,1688419450,,,
41,PROC_STOPPED,2670,1688419450,,,
55,PROC_STOPPED,2671,1688419450,,,
46,PROC_STOPPED,2672,1688419450,,,
30,PROC_STOPPED,2673,1688419450,,,
0,END,2674,1688419450,,,
